sample,date,time,ID,neo_nmol_SG,datetime1,group,sex,age,max_t,min_t,rain,mean_max_t_days15
66,8/24/21,11:33:00,MIS,558.7492402,2021-08-24T11:33:00Z,Mesas,F,2.3,26.07104167,25.54354167,0.164583333,26.66460286
67,8/24/21,13:25:00,MAN,709.3149207,2021-08-24T13:25:00Z,Mesas,M,5.6,26.07104167,25.54354167,0.164583333,26.66460286
68,9/22/21,12:22:00,MOZ,484.0107528,2021-09-22T12:22:00Z,Mesas,M,11.7,27.96833333,27.47479167,0.00625,26.81895833
70,10/21/21,11:30:00,TUA,1022.513045,2021-10-21T11:30:00Z,Tenori,M,0.6,27.31739583,26.7871875,0.004166667,26.80275391
71,10/21/21,14:10:00,TAN,2662.754059,2021-10-21T14:10:00Z,Tenori,F,4.8,27.31739583,26.7871875,0.004166667,26.80275391
73,10/22/21,10:26:00,TRU,630.1173728,2021-10-22T10:26:00Z,Tenori,F,14.8,27.07770833,26.595625,0.002083333,26.79886068
75,10/27/21,11:00:00,MOZ,577.4494978,2021-10-27T11:00:00Z,Mesas,M,11.8,27.25260417,26.7315625,0.002083333,26.86626302
77,10/28/21,8:05:00,MIS,1263.848322,2021-10-28T08:05:00Z,Mesas,F,2.5,27.5465625,27.010625,0,26.88710938
79,11/3/21,14:50:00,PED,1228.615953,2021-11-03T14:50:00Z,Tenori,M,11.4,25.81979167,25.29072917,0.127083333,26.85784505
82,11/5/21,10:24:00,PED,421.6140185,2021-11-05T10:24:00Z,Tenori,M,11.4,26.85229167,26.34020833,0.00625,26.84067708
87,11/8/21,10:22:00,THO,678.1685925,2021-11-08T10:22:00Z,Tenori,M,1.9,27.79635417,27.30479167,0,26.92212891
88,11/8/21,10:34:00,PED,244.1171566,2021-11-08T10:34:00Z,Tenori,M,11.4,27.79635417,27.30479167,0,26.92212891
91,11/10/21,13:29:00,TER,723.0627255,2021-11-10T13:29:00Z,Tenori,F,5.8,26.661875,26.08989583,0,26.8701888
95,11/10/21,8:02:00,TRU,725.4254485,2021-11-10T08:02:00Z,Tenori,F,14.9,26.661875,26.08989583,0,26.8701888
96,11/11/21,9:54:00,PED,456.590426,2021-11-11T09:54:00Z,Tenori,M,11.4,27.1109375,26.4865625,0,26.85533203
97,11/11/21,11:53:00,TAM,431.9729373,2021-11-11T11:53:00Z,Tenori,F,7.8,27.1109375,26.4865625,0,26.85533203
98,11/11/21,12:07:00,TOT,534.4543922,2021-11-11T12:07:00Z,Tenori,F,7.8,27.1109375,26.4865625,0,26.85533203
103,11/12/21,6:12:00,TET,1697.838839,2021-11-12T06:12:00Z,Tenori,F,33.9,27.6384375,27.10302083,0,26.87944661
104,11/12/21,7:55:00,TIN,4580.569358,2021-11-12T07:55:00Z,Tenori,M,2.1,27.6384375,27.10302083,0,26.87944661
105,11/12/21,8:50:00,PED,225.6226722,2021-11-12T08:50:00Z,Tenori,M,11.4,27.6384375,27.10302083,0,26.87944661
109,11/13/21,7:55:00,TAB,889.0365697,2021-11-13T07:55:00Z,Tenori,F,4.9,27.74885417,27.220625,0,26.89208984
111,11/13/21,11:31:00,TAM,326.5503905,2021-11-13T11:31:00Z,Tenori,F,7.9,27.74885417,27.220625,0,26.89208984
116,11/15/21,6:22:00,TUA,3880.98098,2021-11-15T06:22:00Z,Tenori,M,0.7,27.29552083,26.8040625,0,27.01877604
117,11/15/21,6:48:00,TIN,2453.360216,2021-11-15T06:48:00Z,Tenori,M,2.1,27.29552083,26.8040625,0,27.01877604
120,11/15/21,13:58:00,TAM,357.5934911,2021-11-15T13:58:00Z,Tenori,F,7.9,27.29552083,26.8040625,0,27.01877604
124,11/17/21,15:29:00,PED,311.7462414,2021-11-17T15:29:00Z,Tenori,M,11.4,27.0284375,26.46760417,0,27.11908203
133,11/18/21,9:55:00,THO,237.4571347,2021-11-18T09:55:00Z,Tenori,M,2,27.15395833,26.56375,0,27.14721354
134,11/18/21,10:01:00,TEN,819.6248133,2021-11-18T10:01:00Z,Tenori,M,4.4,27.15395833,26.56375,0,27.14721354
135,11/18/21,10:10:00,TER,535.3513335,2021-11-18T10:10:00Z,Tenori,F,5.9,27.15395833,26.56375,0,27.14721354
136,11/18/21,14:16:00,TIN,1547.447962,2021-11-18T14:16:00Z,Tenori,M,2.1,27.15395833,26.56375,0,27.14721354
137,11/19/21,8:52:00,PUC,1726.611941,2021-11-19T08:52:00Z,Palmas,M,4.4,26.95895833,26.34791667,0,27.21841146
138,11/19/21,9:36:00,TIN,1543.513319,2021-11-19T09:36:00Z,Tenori,M,2.1,26.95895833,26.34791667,0,27.21841146
139,11/19/21,10:40:00,TAM,531.9270397,2021-11-19T10:40:00Z,Tenori,F,7.9,26.95895833,26.34791667,0,27.21841146
140,11/19/21,12:20:00,PED,321.206785,2021-11-19T12:20:00Z,Tenori,M,11.4,26.95895833,26.34791667,0,27.21841146
141,11/19/21,13:10:00,TET,2068.77245,2021-11-19T13:10:00Z,Tenori,F,33.9,26.95895833,26.34791667,0,27.21841146
142,11/22/21,13:29:00,PAL,1024.599456,2021-11-22T13:29:00Z,Palmas,M,24.4,27.1140625,26.59260417,0,27.3209375
143,11/22/21,12:55:00,PAL,882.6160189,2021-11-22T12:55:00Z,Palmas,M,24.4,27.1140625,26.59260417,0,27.3209375
144,11/22/21,13:10:00,THO,481.2626659,2021-11-22T13:10:00Z,Tenori,M,2,27.1140625,26.59260417,0,27.3209375
145,11/22/21,14:22:00,PUC,736.8307988,2021-11-22T14:22:00Z,Palmas,M,4.4,27.1140625,26.59260417,0,27.3209375
146,11/22/21,15:19:00,PED,394.5573657,2021-11-22T15:19:00Z,Tenori,M,11.4,27.1140625,26.59260417,0,27.3209375
149,11/22/21,16:25:00,TEN,365.2938502,2021-11-22T16:25:00Z,Tenori,M,4.4,27.1140625,26.59260417,0,27.3209375
150,11/29/21,15:52:00,TIN,740.0882294,2021-11-29T15:52:00Z,Tenori,M,2.2,26.26052083,25.72270833,0,27.29281901
151,11/29/21,16:22:00,PAL,1709.673302,2021-11-29T16:22:00Z,Palmas,M,24.4,26.26052083,25.72270833,0,27.29281901
155,11/30/21,10:08:00,TAN,1064.499361,2021-11-30T10:08:00Z,Tenori,F,4.9,26.9784375,26.46552083,0,27.23315104
158,12/13/21,15:23:00,PED,294.1451134,2021-12-13T15:23:00Z,Tenori,M,11.5,27.87479167,27.30125,0,27.91466146
159,1/17/22,16:20:00,TES,1053.457878,2022-01-17T16:20:00Z,Tenori,F,18,28.9965625,28.49572917,0,28.36505208
160,1/24/22,17:11:00,MUL,669.7435223,2022-01-24T17:11:00Z,Mesas,F,11.1,28.94947917,28.45052083,0,28.55413411
161,2/1/22,15:07:00,MYK,1383.745655,2022-02-01T15:07:00Z,Mesas,M,1,28.388125,27.8075,0,28.6086849
163,2/2/22,7:33:00,MIS,368.5847858,2022-02-02T07:33:00Z,Mesas,F,2.8,28.393125,27.73489583,0,28.57097005
166,2/2/22,9:18:00,MUL,559.283064,2022-02-02T09:18:00Z,Mesas,F,11.1,28.393125,27.73489583,0,28.57097005
169,2/2/22,17:47:00,MAY,2460.845482,2022-02-02T17:47:00Z,Mesas,F,3.1,28.393125,27.73489583,0,28.57097005
170,2/3/22,12:13:00,MAN,1136.770888,2022-02-03T12:13:00Z,Mesas,M,6.1,29.06145833,28.5059375,0,28.66565104
174,2/21/22,17:00:00,TER,2078.07606,2022-02-21T17:00:00Z,Tenori,F,6.1,29.25166667,28.7284375,0,29.08483724
175,2/22/22,10:06:00,TES,792.2766107,2022-02-22T10:06:00Z,Tenori,F,18.1,29.34822917,28.835,0,29.11328776
177,2/23/22,15:19:00,TRU,974.6976872,2022-02-23T15:19:00Z,Tenori,F,15.1,29.15322917,28.64697917,0,29.13182943
178,3/2/22,13:26:00,MAU,662.3685415,2022-03-02T13:26:00Z,Mesas,M,7.2,29.21104167,28.68760417,0,29.20659505
180,3/10/22,12:20:00,MOZ,396.3076917,2022-03-10T12:20:00Z,Mesas,M,12.2,29.98395833,29.38520833,0,29.43665365
181,3/10/22,15:20:00,MIS,604.8868666,2022-03-10T15:20:00Z,Mesas,F,2.9,29.98395833,29.38520833,0,29.43665365
182,3/10/22,15:40:00,MAN,968.1373254,2022-03-10T15:40:00Z,Mesas,M,6.2,29.98395833,29.38520833,0,29.43665365
184,3/11/22,12:00:00,MAN,1324.454281,2022-03-11T12:00:00Z,Mesas,M,6.2,30.11875,29.49697917,0,29.4969987
185,3/11/22,12:01:00,MAN,1455.217302,2022-03-11T12:01:00Z,Mesas,M,6.2,30.11875,29.49697917,0,29.4969987
187,3/14/22,13:03:00,MAN,1544.803882,2022-03-14T13:03:00Z,Mesas,M,6.2,30.0925,29.545625,0,29.59992839
188,3/15/22,13:58:00,MAY,294.0958373,2022-03-15T13:58:00Z,Mesas,F,3.2,30.66322917,30.1246875,0,29.7096224
189,3/15/22,14:10:00,MOZ,266.8400272,2022-03-15T14:10:00Z,Mesas,M,12.2,30.66322917,30.1246875,0,29.7096224
191,3/16/22,14:45:00,MOZ,475.7875503,2022-03-16T14:45:00Z,Mesas,M,12.2,30.30822917,29.76989583,0,29.7734375
192,3/16/22,17:30:00,MOS,1255.717775,2022-03-16T17:30:00Z,Mesas,M,9.2,30.30822917,29.76989583,0,29.7734375
193,3/17/22,12:30:00,PAL,2468.072634,2022-03-17T12:30:00Z,Palmas,M,24.7,30.83520833,30.22770833,0,29.86656901
194,3/17/22,15:50:00,THO,1956.450452,2022-03-17T15:50:00Z,Tenori,M,2.3,30.83520833,30.22770833,0,29.86656901
195,3/22/22,17:09:00,TER,1630.973779,2022-03-22T17:09:00Z,Tenori,F,6.2,30.36666667,29.840625,0,30.13852214
196,3/25/22,8:06:00,THO,2662.548742,2022-03-25T08:06:00Z,Tenori,M,2.3,30.25125,29.716875,0,30.15340495
198,3/28/22,14:55:00,MAN,1653.211172,2022-03-28T14:55:00Z,Mesas,M,6.2,30.44635417,29.91958333,0,30.20548177
199,3/29/22,10:08:00,MOS,373.506726,2022-03-29T10:08:00Z,Mesas,M,9.2,30.88791667,30.31677083,0,30.30003255
200,3/29/22,10:16:00,MAU,944.2619104,2022-03-29T10:16:00Z,Mesas,M,7.2,30.88791667,30.31677083,0,30.30003255
201,4/4/22,11:42:00,MAU,1393.033676,2022-04-04T11:42:00Z,Mesas,M,7.2,29.709375,29.0025,0,30.40654297
207,4/14/22,16:48:00,MOS,1207.966945,2022-04-14T16:48:00Z,Mesas,M,9.3,30.46989583,29.92375,0,30.41885417
208,4/15/22,12:06:00,MOZ,485.348471,2022-04-15T12:06:00Z,Mesas,M,12.3,30.80385417,30.26916667,0,30.39878906
209,4/15/22,12:50:00,MAU,595.8529258,2022-04-15T12:50:00Z,Mesas,M,7.3,30.80385417,30.26916667,0,30.39878906
210,4/19/22,7:52:00,MOZ,1441.179266,2022-04-19T07:52:00Z,Mesas,M,12.3,30.1215625,29.44708333,0,30.20807292
211,4/19/22,10:16:00,MAY,731.2975101,2022-04-19T10:16:00Z,Mesas,F,3.3,30.1215625,29.44708333,0,30.20807292
212,4/19/22,10:36:00,MUL,1241.414036,2022-04-19T10:36:00Z,Mesas,F,11.3,30.1215625,29.44708333,0,30.20807292
213,4/20/22,10:52:00,TIN,2758.637022,2022-04-20T10:52:00Z,Tenori,M,2.5,29.62270833,28.89302083,0,30.20265625
214,4/25/22,11:26:00,TRU,476.3145302,2022-04-25T11:26:00Z,Tenori,F,15.3,26.71072917,26.08041667,0.075,29.30828776
216,4/25/22,14:33:00,PED,1164.294294,2022-04-25T14:33:00Z,Tenori,M,11.8,26.71072917,26.08041667,0.075,29.30828776
220,5/2/22,12:41:00,PAL,1018.254188,2022-05-02T12:41:00Z,Palmas,M,24.9,29.7865625,29.21958333,0,28.72028646
221,5/2/22,12:42:00,TAN,1562.871763,2022-05-02T12:42:00Z,Tenori,F,5.3,29.7865625,29.21958333,0,28.72028646
222,5/2/22,12:42:00,TEN,2037.655542,2022-05-02T12:42:00Z,Tenori,M,4.8,29.7865625,29.21958333,0,28.72028646
223,5/2/22,13:35:00,MOS,554.7968911,2022-05-02T13:35:00Z,Mesas,M,9.3,29.7865625,29.21958333,0,28.72028646
226,5/3/22,10:06:00,MUL,1440.913562,2022-05-03T10:06:00Z,Mesas,F,11.3,29.15395833,28.52114583,0.020833333,28.64045573
227,5/3/22,11:25:00,MAN,1491.051934,2022-05-03T11:25:00Z,Mesas,M,6.3,29.15395833,28.52114583,0.020833333,28.64045573
228,5/3/22,10:58:00,MAU,594.8850036,2022-05-03T10:58:00Z,Mesas,M,7.3,29.15395833,28.52114583,0.020833333,28.64045573
229,5/4/22,13:21:00,TAM,426.6483873,2022-05-04T13:21:00Z,Tenori,F,8.3,27.38645833,26.79854167,0.50625,28.48541016
230,5/5/22,7:39:00,TEN,1676.699418,2022-05-05T07:39:00Z,Tenori,M,4.9,27.03239583,26.5184375,0.002083333,28.29233724
232,5/5/22,10:56:00,PAL,2188.84858,2022-05-05T10:56:00Z,Palmas,M,24.9,27.03239583,26.5184375,0.002083333,28.29233724
233,5/5/22,11:17:00,PEQ,924.5593156,2022-05-05T11:17:00Z,Palmas,M,8.8,27.03239583,26.5184375,0.002083333,28.29233724
236,5/6/22,8:15:00,TER,425.498613,2022-05-06T08:15:00Z,Tenori,F,6.3,28.38416667,27.87677083,0,28.21492839
237,5/6/22,8:15:00,TAN,1190.673401,2022-05-06T08:15:00Z,Tenori,F,5.3,28.38416667,27.87677083,0,28.21492839
238,5/6/22,8:26:00,PED,1505.506239,2022-05-06T08:26:00Z,Tenori,M,11.9,28.38416667,27.87677083,0,28.21492839
239,5/9/22,13:13:00,PAL,731.7492071,2022-05-09T13:13:00Z,Palmas,M,24.9,28.0321875,27.47166667,0.2,28.3023763
240,5/25/22,13:07:00,MUS,2947.323195,2022-05-25T13:07:00Z,Mesas,F,4.2,26.2196875,25.78770833,0.002083333,27.55828125
241,5/25/22,17:07:00,MAN,592.6265183,2022-05-25T17:07:00Z,Mesas,M,6.4,26.2196875,25.78770833,0.002083333,27.55828125
242,5/27/22,8:31:00,MUS,404.5398703,2022-05-27T08:31:00Z,Mesas,F,4.2,27.165625,26.64864583,0.24375,27.29013021
244,5/27/22,10:47:00,MIL,485.7851115,2022-05-27T10:47:00Z,Mesas,F,5.4,27.165625,26.64864583,0.24375,27.29013021
246,6/2/22,10:54:00,PEQ,1085.913147,2022-06-02T10:54:00Z,Palmas,M,8.9,25.8225,25.34416667,0.025,26.54348958
248,6/7/22,8:40:00,MAN,1448.140715,2022-06-07T08:40:00Z,Mesas,M,6.4,25.37375,24.97916667,0.21875,26.25608073
250,6/7/22,11:20:00,MAU,642.8939462,2022-06-07T11:20:00Z,Mesas,M,7.4,25.37375,24.97916667,0.21875,26.25608073
253,6/10/22,11:36:00,MAN,438.1461302,2022-06-10T11:36:00Z,Mesas,M,6.4,26.36552083,25.87135417,0.033333333,26.16462891
255,6/28/22,7:50:00,TUA,1480.662902,2022-06-28T07:50:00Z,Tenori,M,1.3,26.22947917,25.728125,0.108333333,25.9125651
256,6/28/22,11:06:00,PUC,685.021927,2022-06-28T11:06:00Z,Palmas,M,5,26.22947917,25.728125,0.108333333,25.9125651
260,7/6/22,7:49:00,MYK,773.6925038,2022-07-06T07:49:00Z,Mesas,M,1.5,26.1678125,25.6278125,0.0125,26.52388672
261,7/6/22,10:21:00,MUL,372.3790409,2022-07-06T10:21:00Z,Mesas,F,11.5,26.1678125,25.6278125,0.0125,26.52388672
262,7/6/22,10:27:00,MAN,501.383716,2022-07-06T10:27:00Z,Mesas,M,6.5,26.1678125,25.6278125,0.0125,26.52388672
265,7/7/22,9:35:00,MAU,661.7361657,2022-07-07T09:35:00Z,Mesas,M,7.5,28.623125,28.11541667,0,26.69044271
268,7/14/22,13:30:00,PIN,753.7448891,2022-07-14T13:30:00Z,Palmas,M,15,26.82677083,26.34239583,0.025,26.8580013
269,7/19/22,15:19:00,PUC,1143.47106,2022-07-19T15:19:00Z,Palmas,M,5.1,27.43604167,26.93,0.041666667,27.24307943
270,7/28/22,18:01:00,PES,1998.909974,2022-07-28T18:01:00Z,Palmas,M,10.1,26.34385417,25.883125,0.002083333,26.96722005
272,8/1/22,9:25:00,MYK,567.1508052,2022-08-01T09:25:00Z,Mesas,M,1.5,28.26989583,27.73072917,0,27.24295573
277,8/1/22,14:15:00,MUL,998.541879,2022-08-01T14:15:00Z,Mesas,F,11.6,28.26989583,27.73072917,0,27.24295573
278,8/2/22,14:32:00,MEZ,1207.432919,2022-08-02T14:32:00Z,Mesas,F,20.6,25.73802083,25.31604167,0.38125,27.09677734
280,8/3/22,9:58:00,MEZ,1113.433207,2022-08-03T09:58:00Z,Mesas,F,20.6,25.21072917,24.79229167,0.010416667,26.93611979
281,8/3/22,10:49:00,MYK,606.8682604,2022-08-03T10:49:00Z,Mesas,M,1.5,25.21072917,24.79229167,0.010416667,26.93611979
282,8/4/22,13:58:00,MOZ,635.4664167,2022-08-04T13:58:00Z,Mesas,M,12.6,26.4984375,26.0078125,0.002083333,26.87751953
285,8/5/22,9:45:00,MUL,488.4219748,2022-08-05T09:45:00Z,Mesas,F,11.6,27.74854167,27.24802083,0,26.94461589
286,8/5/22,11:17:00,MYK,459.6017396,2022-08-05T11:17:00Z,Mesas,M,1.5,27.74854167,27.24802083,0,26.94461589
287,8/5/22,11:30:00,MEZ,590.3213059,2022-08-05T11:30:00Z,Mesas,F,20.6,27.74854167,27.24802083,0,26.94461589
289,8/5/22,13:00:00,MUS,277.4990954,2022-08-05T13:00:00Z,Mesas,F,4.4,27.74854167,27.24802083,0,26.94461589
290,8/15/22,14:00:00,TAM,685.8266746,2022-08-15T14:00:00Z,Tenori,F,8.6,NA,NA,NA,27.11558211
292,8/17/22,12:58:00,PES,874.2596237,2022-08-17T12:58:00Z,Palmas,M,10.1,NA,NA,NA,26.84472398
293,8/17/22,14:02:00,TIN,1873.413479,2022-08-17T14:02:00Z,Tenori,M,2.9,NA,NA,NA,26.84472398
294,8/17/22,14:17:00,THO,1268.623405,2022-08-17T14:17:00Z,Tenori,M,2.7,NA,NA,NA,26.84472398
296,8/18/22,5:53:00,TAB,2694.078267,2022-08-18T05:53:00Z,Tenori,F,5.6,30.78123077,30.31076923,0,27.18189013
300,8/22/22,14:46:00,TEN,1509.730935,2022-08-22T14:46:00Z,Tenori,M,5.2,27.4090625,26.888125,0.258333333,27.65482309
301,8/22/22,15:43:00,TAB,2238.645964,2022-08-22T15:43:00Z,Tenori,F,5.6,27.4090625,26.888125,0.258333333,27.65482309
302,8/22/22,16:47:00,THO,341.893597,2022-08-22T16:47:00Z,Tenori,M,2.7,27.4090625,26.888125,0.258333333,27.65482309
305,8/30/22,10:06:00,MAU,434.3240783,2022-08-30T10:06:00Z,Mesas,M,7.6,25.97739583,25.5025,0.002083333,27.00650823
306,8/30/22,15:42:00,MUL,409.9150651,2022-08-30T15:42:00Z,Mesas,F,11.7,25.97739583,25.5025,0.002083333,27.00650823
308,8/31/22,5:27:00,MOS,429.9093018,2022-08-31T05:27:00Z,Mesas,M,9.7,26.02697917,25.52260417,0.379166667,26.92748739
309,8/31/22,8:49:00,MAY,342.3470794,2022-08-31T08:49:00Z,Mesas,F,3.7,26.02697917,25.52260417,0.379166667,26.92748739
310,8/31/22,10:07:00,MAN,730.394116,2022-08-31T10:07:00Z,Mesas,M,6.7,26.02697917,25.52260417,0.379166667,26.92748739
311,9/1/22,8:42:00,MYK,1038.021835,2022-09-01T08:42:00Z,Mesas,M,1.6,26.165625,25.6865625,0.047916667,26.87061431
312,9/1/22,9:03:00,MOZ,334.9507292,2022-09-01T09:03:00Z,Mesas,M,12.7,26.165625,25.6865625,0.047916667,26.87061431
313,9/1/22,10:58:00,MAY,306.3175122,2022-09-01T10:58:00Z,Mesas,F,3.7,26.165625,25.6865625,0.047916667,26.87061431
319,9/2/22,15:22:00,MAU,326.1897921,2022-09-02T15:22:00Z,Mesas,M,7.7,26.22041667,25.68260417,0.016666667,26.82544863
320,9/2/22,15:52:00,MAN,710.3688805,2022-09-02T15:52:00Z,Mesas,M,6.7,26.22041667,25.68260417,0.016666667,26.82544863
321,9/2/22,16:33:00,MEZ,281.0787499,2022-09-02T16:33:00Z,Mesas,F,20.7,26.22041667,25.68260417,0.016666667,26.82544863
325,9/7/22,15:32:00,TAN,1542.678249,2022-09-07T15:32:00Z,Tenori,F,5.7,26.82,26.27385417,0.452083333,26.3255414
326,9/8/22,12:39:00,PEN,1902.289826,2022-09-08T12:39:00Z,Palmas,F,20.2,26.41677083,25.9409375,0.152083333,26.39150035
327,9/9/22,10:42:00,TEN,322.0688473,2022-09-09T10:42:00Z,Tenori,M,5.2,25.91447917,25.3996875,0.414583333,26.43750885
328,9/9/22,11:57:00,TER,610.0287412,2022-09-09T11:57:00Z,Tenori,F,6.7,25.91447917,25.3996875,0.414583333,26.43750885
329,9/9/22,12:37:00,TOT,568.0958944,2022-09-09T12:37:00Z,Tenori,F,8.7,25.91447917,25.3996875,0.414583333,26.43750885
330,9/12/22,14:46:00,MEZ,308.1577594,2022-09-12T14:46:00Z,Mesas,F,20.7,26.03041667,25.51854167,0.047916667,26.37391276
331,9/13/22,12:03:00,MUL,126.4056797,2022-09-13T12:03:00Z,Mesas,F,11.7,25.33875,24.884375,0.252083333,26.29827474
332,9/13/22,5:20:00,MOZ,466.3771953,2022-09-13T05:20:00Z,Mesas,M,12.7,25.33875,24.884375,0.252083333,26.29827474
333,9/13/22,10:46:00,MAN,458.8489112,2022-09-13T10:46:00Z,Mesas,M,6.7,25.33875,24.884375,0.252083333,26.29827474
334,9/14/22,5:36:00,MOZ,442.0984793,2022-09-14T05:36:00Z,Mesas,M,12.7,25.543125,25.0715625,0.158333333,26.29204427
335,9/14/22,9:21:00,MON,202.6744986,2022-09-14T09:21:00Z,Mesas,F,4.6,25.543125,25.0715625,0.158333333,26.29204427
336,9/14/22,15:46:00,MON,367.1393553,2022-09-14T15:46:00Z,Mesas,F,4.6,25.543125,25.0715625,0.158333333,26.29204427
337,9/14/22,17:00:00,MIL,949.2587055,2022-09-14T17:00:00Z,Mesas,F,5.7,25.543125,25.0715625,0.158333333,26.29204427
338,9/15/22,9:47:00,THO,842.2213978,2022-09-15T09:47:00Z,Tenori,M,2.8,26.023125,25.53354167,0.014583333,26.29490234
339,9/15/22,9:17:00,MOS,732.1598408,2022-09-15T09:17:00Z,Mesas,M,9.7,26.023125,25.53354167,0.014583333,26.29490234
340,9/15/22,12:21:00,TAN,1026.556809,2022-09-15T12:21:00Z,Tenori,F,5.7,26.023125,25.53354167,0.014583333,26.29490234
342,9/20/22,11:43:00,THO,967.8100087,2022-09-20T11:43:00Z,Tenori,M,2.8,25.7996875,25.31510417,0.154166667,26.10553385
343,9/20/22,12:50:00,TOT,516.180688,2022-09-20T12:50:00Z,Tenori,F,8.7,25.7996875,25.31510417,0.154166667,26.10553385
345,9/20/22,13:23:00,TER,352.9847124,2022-09-20T13:23:00Z,Tenori,F,6.7,25.7996875,25.31510417,0.154166667,26.10553385
347,9/22/22,9:10:00,TES,907.2266638,2022-09-22T09:10:00Z,Tenori,F,18.7,25.45166667,24.98729167,0.079166667,26.00026693
349,9/23/22,9:51:00,TER,496.4306243,2022-09-23T09:51:00Z,Tenori,F,6.7,26.84239583,26.34052083,0,26.00166667
350,9/23/22,12:20:00,TUR,870.7428396,2022-09-23T12:20:00Z,Tenori,F,0.1,26.84239583,26.34052083,0,26.00166667
351,9/23/22,13:31:00,TRU,850.2745108,2022-09-23T13:31:00Z,Tenori,F,15.7,26.84239583,26.34052083,0,26.00166667
352,9/23/22,14:47:00,PED,782.6245581,2022-09-23T14:47:00Z,Tenori,M,12.2,26.84239583,26.34052083,0,26.00166667
353,9/28/22,9:09:00,MUL,213.1579848,2022-09-28T09:09:00Z,Mesas,F,11.7,25.94677083,25.48364583,0.425,25.8929362
354,9/28/22,10:11:00,MUL,139.1628396,2022-09-28T10:11:00Z,Mesas,F,11.7,25.94677083,25.48364583,0.425,25.8929362
355,9/28/22,10:30:00,MIS,288.4717985,2022-09-28T10:30:00Z,Mesas,F,3.4,25.94677083,25.48364583,0.425,25.8929362
356,9/28/22,13:21:00,MOZ,53.95069463,2022-09-28T13:21:00Z,Mesas,M,12.7,25.94677083,25.48364583,0.425,25.8929362
357,9/29/22,11:35:00,MAN,360.1531077,2022-09-29T11:35:00Z,Mesas,M,6.7,26.36083333,25.93177083,0.014583333,25.95681641
358,9/29/22,11:11:00,MAU,1530.349576,2022-09-29T11:11:00Z,Mesas,M,7.7,26.36083333,25.93177083,0.014583333,25.95681641
359,9/29/22,15:56:00,MYK,240.5656316,2022-09-29T15:56:00Z,Mesas,M,1.7,26.36083333,25.93177083,0.014583333,25.95681641
360,9/29/22,11:40:00,MOZ,259.2046099,2022-09-29T11:40:00Z,Mesas,M,12.7,26.36083333,25.93177083,0.014583333,25.95681641
361,9/29/22,13:00:00,MUL,175.5333981,2022-09-29T13:00:00Z,Mesas,F,11.7,26.36083333,25.93177083,0.014583333,25.95681641
363,10/3/22,15:10:00,TEN,917.6114323,2022-10-03T15:10:00Z,Tenori,M,5.3,27.39854167,26.8821875,0,26.02167318
364,10/3/22,16:03:00,TAN,1126.833553,2022-10-03T16:03:00Z,Tenori,F,5.8,27.39854167,26.8821875,0,26.02167318
365,10/3/22,16:10:00,TES,2152.734959,2022-10-03T16:10:00Z,Tenori,F,18.8,27.39854167,26.8821875,0,26.02167318
366,10/3/22,16:30:00,TUA,1859.988039,2022-10-03T16:30:00Z,Tenori,M,1.6,27.39854167,26.8821875,0,26.02167318
368,10/4/22,12:10:00,TER,383.9989473,2022-10-04T12:10:00Z,Tenori,F,6.7,28.16197917,27.61145833,0,26.19210286
369,10/5/22,11:21:00,THO,793.1800047,2022-10-05T11:21:00Z,Tenori,M,2.8,27.311875,26.80822917,0,26.29755208
371,10/6/22,10:30:00,TES,901.225937,2022-10-06T10:30:00Z,Tenori,F,18.8,26.74072917,26.2559375,0,26.35636719
372,10/6/22,9:53:00,TEN,907.0076592,2022-10-06T09:53:00Z,Tenori,M,5.3,26.74072917,26.2559375,0,26.35636719
373,10/6/22,13:26:00,MIS,253.3935177,2022-10-06T13:26:00Z,Mesas,F,3.4,26.74072917,26.2559375,0,26.35636719
374,10/6/22,13:41:00,MUL,164.8283568,2022-10-06T13:41:00Z,Mesas,F,11.8,26.74072917,26.2559375,0,26.35636719
375,10/7/22,7:22:00,TAM,1112.859016,2022-10-07T07:22:00Z,Tenori,F,8.8,26.5915625,26.04770833,0.027083333,26.37921224
376,10/7/22,9:22:00,MON,308.1819883,2022-10-07T09:22:00Z,Mesas,F,4.7,26.5915625,26.04770833,0.027083333,26.37921224
377,10/7/22,12:27:00,THO,1080.284473,2022-10-07T12:27:00Z,Tenori,M,2.8,26.5915625,26.04770833,0.027083333,26.37921224
378,10/7/22,12:08:00,PED,693.0839404,2022-10-07T12:08:00Z,Tenori,M,12.3,26.5915625,26.04770833,0.027083333,26.37921224
381,10/10/22,12:25:00,MYK,331.0319337,2022-10-10T12:25:00Z,Mesas,M,1.7,26.47677083,26.05520833,0.085416667,26.26563151
383,10/10/22,12:54:00,MIS,555.5052342,2022-10-10T12:54:00Z,Mesas,F,3.4,26.47677083,26.05520833,0.085416667,26.26563151
384,10/10/22,15:17:00,MAN,154.4393248,2022-10-10T15:17:00Z,Mesas,M,6.8,26.47677083,26.05520833,0.085416667,26.26563151
385,10/11/22,11:16:00,MAY,962.6165838,2022-10-11T11:16:00Z,Mesas,F,3.8,27.32177083,26.79947917,0.029166667,26.34749349
386,10/11/22,13:06:00,MON,469.3433392,2022-10-11T13:06:00Z,Mesas,F,4.7,27.32177083,26.79947917,0.029166667,26.34749349
387,10/11/22,16:48:00,MUL,250.1397838,2022-10-11T16:48:00Z,Mesas,F,11.8,27.32177083,26.79947917,0.029166667,26.34749349
388,10/11/22,17:07:00,MOS,292.6351547,2022-10-11T17:07:00Z,Mesas,M,9.8,27.32177083,26.79947917,0.029166667,26.34749349
389,10/12/22,5:54:00,MIL,978.2883665,2022-10-12T05:54:00Z,Mesas,F,5.8,27.39072917,26.9146875,0.00625,26.47749349
390,10/12/22,9:10:00,MUL,151.3102962,2022-10-12T09:10:00Z,Mesas,F,11.8,27.39072917,26.9146875,0.00625,26.47749349
391,10/12/22,9:44:00,MEZ,304.5567302,2022-10-12T09:44:00Z,Mesas,F,20.8,27.39072917,26.9146875,0.00625,26.47749349
393,10/12/22,11:21:00,MON,420.3363611,2022-10-12T11:21:00Z,Mesas,F,4.7,27.39072917,26.9146875,0.00625,26.47749349
394,10/12/22,13:48:00,MON,246.1916171,2022-10-12T13:48:00Z,Mesas,F,4.7,27.39072917,26.9146875,0.00625,26.47749349
395,10/12/22,14:37:00,MOZ,505.9006864,2022-10-12T14:37:00Z,Mesas,M,12.8,27.39072917,26.9146875,0.00625,26.47749349
396,10/12/22,15:37:00,MAU,395.3252507,2022-10-12T15:37:00Z,Mesas,M,7.8,27.39072917,26.9146875,0.00625,26.47749349
397,10/12/22,16:00:00,MYK,443.9536636,2022-10-12T16:00:00Z,Mesas,M,1.7,27.39072917,26.9146875,0.00625,26.47749349
398,10/13/22,7:35:00,MIS,998.2504615,2022-10-13T07:35:00Z,Mesas,F,3.5,27.00010417,26.56260417,0.25,26.56942708
399,10/13/22,11:53:00,MAY,865.8684825,2022-10-13T11:53:00Z,Mesas,F,3.8,27.00010417,26.56260417,0.25,26.56942708
400,10/13/22,8:50:00,MUL,132.8132698,2022-10-13T08:50:00Z,Mesas,F,11.8,27.00010417,26.56260417,0.25,26.56942708
401,10/13/22,12:52:00,MIS,445.5991314,2022-10-13T12:52:00Z,Mesas,F,3.5,27.00010417,26.56260417,0.25,26.56942708
402,10/13/22,13:20:00,MAN,67.39740041,2022-10-13T13:20:00Z,Mesas,M,6.8,27.00010417,26.56260417,0.25,26.56942708
403,10/14/22,9:34:00,MUL,206.4255479,2022-10-14T09:34:00Z,Mesas,F,11.8,26.22,25.744375,0.39375,26.58650391
404,10/14/22,13:04:00,MIL,795.5182012,2022-10-14T13:04:00Z,Mesas,F,5.8,26.22,25.744375,0.39375,26.58650391
405,10/14/22,12:30:00,MYK,450.4064784,2022-10-14T12:30:00Z,Mesas,M,1.7,26.22,25.744375,0.39375,26.58650391
406,10/14/22,13:29:00,MAN,534.2446757,2022-10-14T13:29:00Z,Mesas,M,6.8,26.22,25.744375,0.39375,26.58650391
407,10/18/22,13:30:00,TAB,421.5130509,2022-10-18T13:30:00Z,Tenori,F,5.8,26.8534375,26.39760417,0.03125,26.72061849
408,10/18/22,14:04:00,PED,562.8145136,2022-10-18T14:04:00Z,Tenori,M,12.3,26.8534375,26.39760417,0.03125,26.72061849
409,10/18/22,14:24:00,TOT,716.3756587,2022-10-18T14:24:00Z,Tenori,F,8.8,26.8534375,26.39760417,0.03125,26.72061849
413,10/20/22,8:40:00,TIN,1318.020815,2022-10-20T08:40:00Z,Tenori,M,3,27.2990625,26.76854167,0.072916667,26.69367839
414,10/20/22,12:48:00,TEM,737.7718343,2022-10-20T12:48:00Z,Tenori,M,7.3,27.2990625,26.76854167,0.072916667,26.69367839
415,10/21/22,11:01:00,PAT,1952.33499,2022-10-21T11:01:00Z,Palmas,F,15.3,26.47,25.926875,0.229166667,26.6410612
416,10/25/22,11:32:00,PED,629.9668071,2022-10-25T11:32:00Z,Tenori,M,12.3,27.21739583,26.73770833,0.183333333,26.89000651
417,10/26/22,8:32:00,TIL,1269.268686,2022-10-26T08:32:00Z,Tenori,M,8.3,28.13385417,27.63822917,0.002083333,26.99357422
418,10/26/22,13:16:00,THO,1311.450241,2022-10-26T13:16:00Z,Tenori,M,2.9,28.13385417,27.63822917,0.002083333,26.99357422
419,10/26/22,15:03:00,TIQ,3703.012346,2022-10-26T15:03:00Z,Tenori,M,1.4,28.13385417,27.63822917,0.002083333,26.99357422
421,10/28/22,12:57:00,TAB,270.7170935,2022-10-28T12:57:00Z,Tenori,F,5.8,27.49375,27.0178125,0,27.0410026
422,10/28/22,15:32:00,TEM,778.8547557,2022-10-28T15:32:00Z,Tenori,M,7.3,27.49375,27.0178125,0,27.0410026
424,10/31/22,10:30:00,TER,544.3451235,2022-10-31T10:30:00Z,Tenori,F,6.8,26.77520833,26.25635417,0.004166667,27.11275391
425,10/31/22,11:32:00,TIL,1173.283065,2022-10-31T11:32:00Z,Tenori,M,8.3,26.77520833,26.25635417,0.004166667,27.11275391
426,10/31/22,15:00:00,TAB,507.029929,2022-10-31T15:00:00Z,Tenori,F,5.8,26.77520833,26.25635417,0.004166667,27.11275391
427,10/31/22,15:50:00,THO,827.3005043,2022-10-31T15:50:00Z,Tenori,M,2.9,26.77520833,26.25635417,0.004166667,27.11275391
428,11/1/22,15:26:00,MOS,252.0134901,2022-11-01T15:26:00Z,Mesas,M,9.8,26.93708333,26.43458333,0.029166667,27.17270833
429,11/1/22,15:26:00,MON,155.5575119,2022-11-01T15:26:00Z,Mesas,F,4.8,26.93708333,26.43458333,0.029166667,27.17270833
430,11/2/22,6:50:00,MAN,853.5972383,2022-11-02T06:50:00Z,Mesas,M,6.8,26.893125,26.35677083,0.302083333,27.21085286
431,11/2/22,7:24:00,MAU,844.9112027,2022-11-02T07:24:00Z,Mesas,M,7.8,26.893125,26.35677083,0.302083333,27.21085286
432,11/2/22,10:15:00,MYK,811.925432,2022-11-02T10:15:00Z,Mesas,M,1.8,26.893125,26.35677083,0.302083333,27.21085286
433,11/3/22,9:29:00,MYK,285.9955478,2022-11-03T09:29:00Z,Mesas,M,1.8,26.00552083,25.52739583,0.272916667,27.15785807
434,11/3/22,12:12:00,MOW,1747.615853,2022-11-03T12:12:00Z,Mesas,F,0.4,26.00552083,25.52739583,0.272916667,27.15785807
435,11/3/22,12:28:00,MUL,135.0839858,2022-11-03T12:28:00Z,Mesas,F,11.8,26.00552083,25.52739583,0.272916667,27.15785807
436,11/4/22,12:30:00,MYK,347.9709754,2022-11-04T12:30:00Z,Mesas,M,1.8,25.3271875,24.91104167,0.09375,27.00140625
437,11/4/22,13:30:00,MOS,225.1258054,2022-11-04T13:30:00Z,Mesas,M,9.8,25.3271875,24.91104167,0.09375,27.00140625
438,11/7/22,12:18:00,TIN,1451.076746,2022-11-07T12:18:00Z,Tenori,M,3.1,23.7959375,23.4634375,0.564583333,26.49162109
439,11/7/22,12:30:00,THO,635.0860402,2022-11-07T12:30:00Z,Tenori,M,2.9,23.7959375,23.4634375,0.564583333,26.49162109
440,11/7/22,13:05:00,TIL,403.365458,2022-11-07T13:05:00Z,Tenori,M,8.4,23.7959375,23.4634375,0.564583333,26.49162109
441,11/7/22,13:50:00,TAC,745.6475776,2022-11-07T13:50:00Z,Tenori,M,8.4,23.7959375,23.4634375,0.564583333,26.49162109
442,11/7/22,14:18:00,TRU,594.0226728,2022-11-07T14:18:00Z,Tenori,F,15.8,23.7959375,23.4634375,0.564583333,26.49162109
443,11/8/22,12:24:00,TIL,441.9403853,2022-11-08T12:24:00Z,Tenori,M,8.4,25.40822917,24.888125,0.504166667,26.37210938
444,11/8/22,13:59:00,TEM,555.7680398,2022-11-08T13:59:00Z,Tenori,M,7.4,25.40822917,24.888125,0.504166667,26.37210938
445,11/8/22,16:45:00,TER,640.5064047,2022-11-08T16:45:00Z,Tenori,F,6.8,25.40822917,24.888125,0.504166667,26.37210938
446,11/8/22,16:53:00,TET,5517.931058,2022-11-08T16:53:00Z,Tenori,F,34.9,25.40822917,24.888125,0.504166667,26.37210938
447,11/8/22,15:04:00,TSU,695.6134438,2022-11-08T15:04:00Z,Tenori,M,6.4,25.40822917,24.888125,0.504166667,26.37210938
448,11/8/22,14:42:00,TAM,406.8714874,2022-11-08T14:42:00Z,Tenori,F,8.8,25.40822917,24.888125,0.504166667,26.37210938
449,11/9/22,11:09:00,THO,548.3602083,2022-11-09T11:09:00Z,Tenori,M,2.9,25.4321875,24.9553125,0.004166667,26.29876953
450,11/9/22,11:30:00,TER,705.7766272,2022-11-09T11:30:00Z,Tenori,F,6.8,25.4321875,24.9553125,0.004166667,26.29876953
451,11/9/22,11:45:00,TIL,690.1930793,2022-11-09T11:45:00Z,Tenori,M,8.4,25.4321875,24.9553125,0.004166667,26.29876953
452,11/9/22,11:59:00,TIN,1412.306083,2022-11-09T11:59:00Z,Tenori,M,3.1,25.4321875,24.9553125,0.004166667,26.29876953
453,11/9/22,12:26:00,TAM,624.2453112,2022-11-09T12:26:00Z,Tenori,F,8.8,25.4321875,24.9553125,0.004166667,26.29876953
454,11/9/22,16:22:00,TRU,1340.636819,2022-11-09T16:22:00Z,Tenori,F,15.8,25.4321875,24.9553125,0.004166667,26.29876953
455,11/10/22,8:41:00,TRU,641.22912,2022-11-10T08:41:00Z,Tenori,F,15.9,25.85875,25.3625,0.210416667,26.21385417
456,11/10/22,9:23:00,TER,597.9078991,2022-11-10T09:23:00Z,Tenori,F,6.8,25.85875,25.3625,0.210416667,26.21385417
457,11/10/22,7:33:00,TES,1977.738123,2022-11-10T07:33:00Z,Tenori,F,18.9,25.85875,25.3625,0.210416667,26.21385417
458,11/10/22,6:55:00,PED,862.5606703,2022-11-10T06:55:00Z,Tenori,M,12.4,25.85875,25.3625,0.210416667,26.21385417
459,11/10/22,7:29:00,TSU,699.9045657,2022-11-10T07:29:00Z,Tenori,M,6.4,25.85875,25.3625,0.210416667,26.21385417
461,11/10/22,8:24:00,TAN,1260.234746,2022-11-10T08:24:00Z,Tenori,F,5.9,25.85875,25.3625,0.210416667,26.21385417
462,11/10/22,8:00:00,THO,637.3445254,2022-11-10T08:00:00Z,Tenori,M,2.9,25.85875,25.3625,0.210416667,26.21385417
463,11/10/22,7:24:00,TRU,1238.471161,2022-11-10T07:24:00Z,Tenori,F,15.9,25.85875,25.3625,0.210416667,26.21385417
464,11/10/22,12:08:00,PIR,3833.778639,2022-11-10T12:08:00Z,Palmas,M,16.4,25.85875,25.3625,0.210416667,26.21385417
465,11/11/22,9:50:00,TIL,312.6646921,2022-11-11T09:50:00Z,Tenori,M,8.4,25.69385417,25.245,0.154166667,26.06135417
466,11/11/22,10:50:00,TAM,488.180264,2022-11-11T10:50:00Z,Tenori,F,8.8,25.69385417,25.245,0.154166667,26.06135417
467,11/11/22,5:57:00,TER,1315.879977,2022-11-11T05:57:00Z,Tenori,F,6.8,25.69385417,25.245,0.154166667,26.06135417
468,11/11/22,9:49:00,TIQ,1388.215574,2022-11-11T09:49:00Z,Tenori,M,1.5,25.69385417,25.245,0.154166667,26.06135417
469,11/11/22,11:35:00,TAB,464.837319,2022-11-11T11:35:00Z,Tenori,F,5.9,25.69385417,25.245,0.154166667,26.06135417
470,11/11/22,10:32:00,TEM,508.249511,2022-11-11T10:32:00Z,Tenori,M,7.4,25.69385417,25.245,0.154166667,26.06135417
471,11/11/22,11:29:00,TES,628.5041691,2022-11-11T11:29:00Z,Tenori,F,18.9,25.69385417,25.245,0.154166667,26.06135417
472,11/11/22,9:36:00,PED,442.7921569,2022-11-11T09:36:00Z,Tenori,M,12.4,25.69385417,25.245,0.154166667,26.06135417
473,11/11/22,11:30:00,PRU,623.3419172,2022-11-11T11:30:00Z,Palmas,F,10.4,25.69385417,25.245,0.154166667,26.06135417
474,11/14/22,14:40:00,PED,311.7274207,2022-11-14T14:40:00Z,Tenori,M,12.4,26.07885417,25.52479167,0.072916667,25.83423828
479,11/15/22,9:24:00,MIS,622.338146,2022-11-15T09:24:00Z,Mesas,F,3.5,27.12614583,26.63145833,0,25.85540365
481,11/15/22,10:45:00,MYK,741.8672208,2022-11-15T10:45:00Z,Mesas,M,1.8,27.12614583,26.63145833,0,25.85540365
482,11/15/22,10:48:00,TSU,493.0446937,2022-11-15T10:48:00Z,Tenori,M,6.4,27.12614583,26.63145833,0,25.85540365
484,11/15/22,13:59:00,TIL,866.6560568,2022-11-15T13:59:00Z,Tenori,M,8.4,27.12614583,26.63145833,0,25.85540365
485,11/15/22,16:27:00,THO,979.2791858,2022-11-15T16:27:00Z,Tenori,M,2.9,27.12614583,26.63145833,0,25.85540365
486,11/15/22,17:22:00,PED,731.1469444,2022-11-15T17:22:00Z,Tenori,M,12.4,27.12614583,26.63145833,0,25.85540365
487,11/16/22,10:58:00,TSU,213.8333794,2022-11-16T10:58:00Z,Tenori,M,6.4,27.83760417,27.31354167,0.002083333,25.92180339
488,11/16/22,12:00:00,TES,730.2435503,2022-11-16T12:00:00Z,Tenori,F,18.9,27.83760417,27.31354167,0.002083333,25.92180339
489,11/16/22,12:59:00,TOT,521.6264352,2022-11-16T12:59:00Z,Tenori,F,8.9,27.83760417,27.31354167,0.002083333,25.92180339
490,11/16/22,12:12:00,TRU,1026.105112,2022-11-16T12:12:00Z,Tenori,F,15.9,27.83760417,27.31354167,0.002083333,25.92180339
491,11/16/22,12:14:00,TRU,842.4149822,2022-11-16T12:14:00Z,Tenori,F,15.9,27.83760417,27.31354167,0.002083333,25.92180339
493,11/17/22,9:00:00,TOT,653.9183323,2022-11-17T09:00:00Z,Tenori,F,8.9,27.866875,27.35927083,0,25.97991536
494,11/17/22,13:27:00,TIN,1439.694697,2022-11-17T13:27:00Z,Tenori,M,3.1,27.866875,27.35927083,0,25.97991536
495,11/17/22,13:39:00,THO,726.0277112,2022-11-17T13:39:00Z,Tenori,M,3,27.866875,27.35927083,0,25.97991536
497,11/18/22,13:14:00,TSU,1658.405688,2022-11-18T13:14:00Z,Tenori,M,6.4,28.15197917,27.65197917,0,26.05859375
499,11/18/22,12:07:00,TIL,797.2452781,2022-11-18T12:07:00Z,Tenori,M,8.4,28.15197917,27.65197917,0,26.05859375
502,11/21/22,16:25:00,MOZ,437.769716,2022-11-21T16:25:00Z,Mesas,M,12.9,27.3734375,26.87322917,0.004166667,26.3775
503,11/22/22,9:38:00,MIL,647.1689361,2022-11-22T09:38:00Z,Mesas,F,5.9,26.21791667,25.77875,0,26.50613932
504,11/22/22,8:50:00,MOZ,536.9172166,2022-11-22T08:50:00Z,Mesas,M,12.9,26.21791667,25.77875,0,26.50613932
505,11/22/22,10:40:00,MEZ,438.5332991,2022-11-22T10:40:00Z,Mesas,F,20.9,26.21791667,25.77875,0,26.50613932
506,11/22/22,11:03:00,MOS,387.4739348,2022-11-22T11:03:00Z,Mesas,M,9.9,26.21791667,25.77875,0,26.50613932
507,11/22/22,10:38:00,MUL,349.4629444,2022-11-22T10:38:00Z,Mesas,F,11.9,26.21791667,25.77875,0,26.50613932
508,11/22/22,9:37:00,MYK,561.5497619,2022-11-22T09:37:00Z,Mesas,M,1.8,26.21791667,25.77875,0,26.50613932
510,11/22/22,9:04:00,MUS,698.5494746,2022-11-22T09:04:00Z,Mesas,F,4.6,26.21791667,25.77875,0,26.50613932
511,11/22/22,10:05:00,MAY,1264.751716,2022-11-22T10:05:00Z,Mesas,F,3.9,26.21791667,25.77875,0,26.50613932
512,11/22/22,8:39:00,TUC,2905.541219,2022-11-22T08:39:00Z,Tenori,M,0.4,26.21791667,25.77875,0,26.50613932
513,11/22/22,8:55:00,TAN,565.5246959,2022-11-22T08:55:00Z,Tenori,F,5.9,26.21791667,25.77875,0,26.50613932
515,11/22/22,13:10:00,MIL,701.8677105,2022-11-22T13:10:00Z,Mesas,F,5.9,26.21791667,25.77875,0,26.50613932
517,11/23/22,11:20:00,MIS,504.8910107,2022-11-23T11:20:00Z,Mesas,F,3.6,26.58302083,26.066875,0,26.68033203
518,11/24/22,12:26:00,MOZ,688.1604426,2022-11-24T12:26:00Z,Mesas,M,12.9,26.47604167,26.00291667,0.03125,26.74707031
521,11/24/22,14:40:00,MEZ,618.2829103,2022-11-24T14:40:00Z,Mesas,F,20.9,26.47604167,26.00291667,0.03125,26.74707031
522,11/25/22,14:30:00,MON,265.9120844,2022-11-25T14:30:00Z,Mesas,F,4.8,26.5459375,26.0559375,0.39375,26.81667969
523,11/29/22,12:13:00,MAY,156.2871763,2022-11-29T12:13:00Z,Mesas,F,3.9,26.59135417,26.10541667,0,26.81666667
524,11/29/22,12:47:00,MUS,197.4292485,2022-11-29T12:47:00Z,Mesas,F,4.7,26.59135417,26.10541667,0,26.81666667
525,11/29/22,14:06:00,MAY,126.7562275,2022-11-29T14:06:00Z,Mesas,F,3.9,26.59135417,26.10541667,0,26.81666667
526,12/1/22,8:48:00,MUS,565.1633382,2022-12-01T08:48:00Z,Mesas,F,4.7,27.77072917,27.29572917,0,26.85719401
527,12/1/22,11:15:00,MOZ,225.246258,2022-12-01T11:15:00Z,Mesas,M,12.9,27.77072917,27.29572917,0,26.85719401
529,12/5/22,14:18:00,TRU,789.3083158,2022-12-05T14:18:00Z,Tenori,F,15.9,26.56145833,26.04989583,0,26.71724609
531,12/6/22,16:25:00,PRA,810.2510377,2022-12-06T16:25:00Z,Palmas,F,8,27.4634375,27.0165625,0,26.72910807
532,12/6/22,15:47:00,TES,966.0294059,2022-12-06T15:47:00Z,Tenori,F,18.9,27.4634375,27.0165625,0,26.72910807
533,12/6/22,14:33:00,TAB,1751.194684,2022-12-06T14:33:00Z,Tenori,F,5.9,27.4634375,27.0165625,0,26.72910807
534,12/6/22,14:32:00,TRO,419.8201359,2022-12-06T14:32:00Z,Tenori,M,10.4,27.4634375,27.0165625,0,26.72910807
536,12/7/22,15:50:00,TRO,539.1836263,2022-12-07T15:50:00Z,Tenori,M,10.4,27.35895833,26.90302083,0,26.72820313
537,12/8/22,8:33:00,TRU,1291.230508,2022-12-08T08:33:00Z,Tenori,F,15.9,26.99083333,26.52302083,0,26.77651042
538,12/8/22,13:58:00,TIZ,841.9632852,2022-12-08T13:58:00Z,Tenori,M,11.4,26.99083333,26.52302083,0,26.77651042
539,12/8/22,14:40:00,TRU,740.7831479,2022-12-08T14:40:00Z,Tenori,F,15.9,26.99083333,26.52302083,0,26.77651042
540,12/8/22,15:50:00,PED,371.1444024,2022-12-08T15:50:00Z,Tenori,M,12.4,26.99083333,26.52302083,0,26.77651042
541,12/9/22,14:47:00,THO,471.2329385,2022-12-09T14:47:00Z,Tenori,M,3,26.9646875,26.48895833,0,26.80036458
543,12/9/22,16:07:00,TRU,475.5137945,2022-12-09T16:07:00Z,Tenori,F,15.9,26.9646875,26.48895833,0,26.80036458
544,12/12/22,11:24:00,MYK,652.6243461,2022-12-12T11:24:00Z,Mesas,M,1.9,27.10322917,26.57395833,0,27.00152995
546,12/12/22,11:58:00,PED,222.1654525,2022-12-12T11:58:00Z,Tenori,M,12.5,27.10322917,26.57395833,0,27.00152995
547,12/12/22,12:17:00,TAB,993.3228575,2022-12-12T12:17:00Z,Tenori,F,5.9,27.10322917,26.57395833,0,27.00152995
548,12/12/22,12:25:00,PED,691.2972276,2022-12-12T12:25:00Z,Tenori,M,12.5,27.10322917,26.57395833,0,27.00152995
549,12/12/22,16:20:00,MUL,208.3957159,2022-12-12T16:20:00Z,Mesas,F,11.9,27.10322917,26.57395833,0,27.00152995
551,12/12/22,15:52:00,TIN,1441.558844,2022-12-12T15:52:00Z,Tenori,M,3.2,27.10322917,26.57395833,0,27.00152995
553,12/13/22,7:55:00,MYK,655.5629728,2022-12-13T07:55:00Z,Mesas,M,1.9,27.81364583,27.360625,0,27.11384766
554,12/13/22,8:30:00,MAN,443.1147976,2022-12-13T08:30:00Z,Mesas,M,6.9,27.81364583,27.360625,0,27.11384766
555,12/13/22,9:39:00,MON,349.5051028,2022-12-13T09:39:00Z,Mesas,F,4.9,27.81364583,27.360625,0,27.11384766
556,12/13/22,10:09:00,MOZ,445.2603586,2022-12-13T10:09:00Z,Mesas,M,12.9,27.81364583,27.360625,0,27.11384766
557,12/13/22,12:54:00,MIS,419.432967,2022-12-13T12:54:00Z,Mesas,F,3.6,27.81364583,27.360625,0,27.11384766
558,12/13/22,13:04:00,MUS,689.8919479,2022-12-13T13:04:00Z,Mesas,F,4.7,27.81364583,27.360625,0,27.11384766
559,12/13/22,12:32:00,MYK,152.5042136,2022-12-13T12:32:00Z,Mesas,M,1.9,27.81364583,27.360625,0,27.11384766
560,12/13/22,14:59:00,MUL,200.0014122,2022-12-13T14:59:00Z,Mesas,F,11.9,27.81364583,27.360625,0,27.11384766
561,12/13/22,16:54:00,MAY,487.8328047,2022-12-13T16:54:00Z,Mesas,F,4,27.81364583,27.360625,0,27.11384766
562,12/13/22,13:31:00,TAB,789.1792595,2022-12-13T13:31:00Z,Tenori,F,6,27.81364583,27.360625,0,27.11384766
563,12/13/22,14:28:00,TER,1233.846129,2022-12-13T14:28:00Z,Tenori,F,6.9,27.81364583,27.360625,0,27.11384766
564,12/13/22,15:00:00,TRU,420.3793799,2022-12-13T15:00:00Z,Tenori,F,15.9,27.81364583,27.360625,0,27.11384766
565,12/13/22,15:24:00,TEM,565.5246959,2022-12-13T15:24:00Z,Tenori,M,7.5,27.81364583,27.360625,0,27.11384766
566,12/13/22,13:17:00,TIN,796.7075435,2022-12-13T13:17:00Z,Tenori,M,3.2,27.81364583,27.360625,0,27.11384766
567,12/15/22,12:00:00,TAB,1205.127707,2022-12-15T12:00:00Z,Tenori,F,6,27.7946875,27.2553125,0,27.22196615
568,12/15/22,9:55:00,MAU,1064.069173,2022-12-15T09:55:00Z,Mesas,M,7.9,27.7946875,27.2553125,0,27.22196615
570,12/15/22,14:28:00,TER,659.1765491,2022-12-15T14:28:00Z,Tenori,F,6.9,27.7946875,27.2553125,0,27.22196615
571,12/15/22,14:02:00,TOT,988.3131266,2022-12-15T14:02:00Z,Tenori,F,8.9,27.7946875,27.2553125,0,27.22196615
573,12/15/22,14:28:00,MUS,673.6637907,2022-12-15T14:28:00Z,Mesas,F,4.7,27.7946875,27.2553125,0,27.22196615
574,12/15/22,15:49:00,MOZ,249.7309752,2022-12-15T15:49:00Z,Mesas,M,12.9,27.7946875,27.2553125,0,27.22196615
575,12/16/22,9:15:00,MUL,535.3255222,2022-12-16T09:15:00Z,Mesas,F,11.9,28.68041667,28.154375,0,27.38432292
576,12/16/22,9:51:00,TAB,1280.410547,2022-12-16T09:51:00Z,Tenori,F,6,28.68041667,28.154375,0,27.38432292
577,12/16/22,13:15:00,MOZ,416.6240947,2022-12-16T13:15:00Z,Mesas,M,12.9,28.68041667,28.154375,0,27.38432292
578,12/16/22,13:58:00,TAB,656.7674982,2022-12-16T13:58:00Z,Tenori,F,6,28.68041667,28.154375,0,27.38432292
579,12/21/22,5:50:00,MEZ,807.2729524,2022-12-21T05:50:00Z,Mesas,F,21,27.78197917,27.3259375,0,27.68594401
580,12/21/22,11:22:00,MAY,598.1221657,2022-12-21T11:22:00Z,Mesas,F,4,27.78197917,27.3259375,0,27.68594401
581,12/22/22,9:55:00,MON,355.5568922,2022-12-22T09:55:00Z,Mesas,F,4.9,27.95729167,27.5234375,0,27.7168099
582,12/22/22,9:21:00,MIS,363.9615337,2022-12-22T09:21:00Z,Mesas,F,3.6,27.95729167,27.5234375,0,27.7168099
583,12/27/22,11:25:00,TIQ,1312.089566,2022-12-27T11:25:00Z,Tenori,M,1.6,27.8034375,27.30416667,0,27.98786458
584,12/27/22,7:01:00,TAB,1443.709782,2022-12-27T07:01:00Z,Tenori,F,6,27.8034375,27.30416667,0,27.98786458
585,12/29/22,10:46:00,TIN,1484.496223,2022-12-29T10:46:00Z,Tenori,M,3.2,28.18427083,27.7209375,0,28.0661263
586,12/29/22,7:23:00,TES,2330.756734,2022-12-29T07:23:00Z,Tenori,F,19,28.18427083,27.7209375,0,28.0661263
587,1/2/23,10:53:00,TSU,240.3931654,2023-01-02T10:53:00Z,Tenori,M,6.5,26.88135417,26.32989583,0,27.98620443
588,1/2/23,11:21:00,TES,1211.217252,2023-01-02T11:21:00Z,Tenori,F,19,26.88135417,26.32989583,0,27.98620443
589,1/2/23,12:18:00,TUA,1065.054077,2023-01-02T12:18:00Z,Tenori,M,1.8,26.88135417,26.32989583,0,27.98620443
590,1/2/23,12:07:00,TEM,537.2730991,2023-01-02T12:07:00Z,Tenori,M,7.5,26.88135417,26.32989583,0,27.98620443
592,1/6/23,8:46:00,TIL,1736.775124,2023-01-06T08:46:00Z,Tenori,M,8.5,27.47510417,26.99,0,27.98153646
593,1/6/23,9:07:00,TUC,2512.338944,2023-01-06T09:07:00Z,Tenori,M,0.5,27.47510417,26.99,0,27.98153646
594,1/6/23,10:52:00,TES,1432.117357,2023-01-06T10:52:00Z,Tenori,F,19,27.47510417,26.99,0,27.98153646
595,1/9/23,9:28:00,MOW,2022.473503,2023-01-09T09:28:00Z,Mesas,F,0.5,27.64697917,27.12416667,0,27.90215495
596,1/9/23,11:19:00,MUS,663.0912568,2023-01-09T11:19:00Z,Mesas,F,4.8,27.64697917,27.12416667,0,27.90215495
598,1/10/23,8:04:00,TAM,619.4272095,2023-01-10T08:04:00Z,Tenori,F,9,28.11479167,27.6484375,0,27.89665365
599,1/10/23,8:00:00,TER,1521.616767,2023-01-10T08:00:00Z,Tenori,F,7,28.11479167,27.6484375,0,27.89665365
600,1/10/23,15:53:00,MUL,476.3145302,2023-01-10T15:53:00Z,Mesas,F,12,28.11479167,27.6484375,0,27.89665365
601,1/11/23,11:00:00,PLA,958.7269704,2023-01-11T11:00:00Z,Palmas,M,0.6,28.17802083,27.70614583,0,27.90890625
602,1/11/23,11:09:00,PRA,640.3257259,2023-01-11T11:09:00Z,Palmas,F,8.1,28.17802083,27.70614583,0,27.90890625
603,1/11/23,12:27:00,MAN,917.1827294,2023-01-11T12:27:00Z,Mesas,M,7,28.17802083,27.70614583,0,27.90890625
604,1/12/23,10:23:00,TRU,2669.529515,2023-01-12T10:23:00Z,Tenori,F,16,28.46557895,28.02757895,0,27.9499544
605,1/12/23,15:12:00,MAN,1105.81082,2023-01-12T15:12:00Z,Mesas,M,7,28.46557895,28.02757895,0,27.9499544
606,1/12/23,12:19:00,MIL,589.5225489,2023-01-12T12:19:00Z,Mesas,F,6,28.46557895,28.02757895,0,27.9499544
607,1/16/23,10:38:00,PED,532.8519432,2023-01-16T10:38:00Z,Tenori,M,12.6,26.73635417,26.26875,0,27.68891857
608,1/16/23,11:09:00,TAM,834.8424142,2023-01-16T11:09:00Z,Tenori,F,9,26.73635417,26.26875,0,27.68891857
609,1/16/23,13:58:00,TRU,690.7351157,2023-01-16T13:58:00Z,Tenori,F,16,26.73635417,26.26875,0,27.68891857
610,1/16/23,14:39:00,TAN,860.4828639,2023-01-16T14:39:00Z,Tenori,F,6,26.73635417,26.26875,0,27.68891857
612,1/17/23,11:20:00,TEM,1013.608161,2023-01-17T11:20:00Z,Tenori,M,7.6,27.82791667,27.3390625,0,27.69080782
613,1/17/23,11:05:00,TAB,1479.759508,2023-01-17T11:05:00Z,Tenori,F,6,27.82791667,27.3390625,0,27.69080782
614,1/17/23,12:24:00,TRU,650.8954367,2023-01-17T12:24:00Z,Tenori,F,16,27.82791667,27.3390625,0,27.69080782
616,1/17/23,13:20:00,TAN,735.2122178,2023-01-17T13:20:00Z,Tenori,F,6,27.82791667,27.3390625,0,27.69080782
617,1/17/23,14:14:00,TAM,212.6656589,2023-01-17T14:14:00Z,Tenori,F,9,27.82791667,27.3390625,0,27.69080782
618,1/17/23,12:41:00,TIL,1054.825516,2023-01-17T12:41:00Z,Tenori,M,8.6,27.82791667,27.3390625,0,27.69080782
619,1/18/23,8:44:00,TAB,909.175805,2023-01-18T08:44:00Z,Tenori,F,6,28.354375,27.88895833,0,27.7829316
620,1/18/23,10:58:00,TAN,700.5175831,2023-01-18T10:58:00Z,Tenori,F,6,28.354375,27.88895833,0,27.7829316
622,1/18/23,14:32:00,TRU,733.2548639,2023-01-18T14:32:00Z,Tenori,F,16,28.354375,27.88895833,0,27.7829316
623,1/18/23,16:41:00,TAB,77.56541595,2023-01-18T16:41:00Z,Tenori,F,6,28.354375,27.88895833,0,27.7829316
624,1/25/23,15:28:00,MOZ,710.8776886,2023-01-25T15:28:00Z,Mesas,M,13.1,29.15125,28.68427083,0,28.14687948
625,1/26/23,15:57:00,MIL,509.1857558,2023-01-26T15:57:00Z,Mesas,F,6.1,28.4346875,27.9259375,0,28.16688599
626,1/27/23,6:00:00,MON,461.3138171,2023-01-27T06:00:00Z,Mesas,F,5,28.3475,27.8815625,0,28.17748534
627,1/27/23,9:56:00,TRU,553.2786872,2023-01-27T09:56:00Z,Tenori,F,16.1,28.3475,27.8815625,0,28.17748534
628,1/27/23,6:36:00,TOT,2086.840331,2023-01-27T06:36:00Z,Tenori,F,9.1,28.3475,27.8815625,0,28.17748534
629,1/27/23,10:31:00,TIZ,530.8343631,2023-01-27T10:31:00Z,Tenori,M,11.6,28.3475,27.8815625,0,28.17748534
630,1/30/23,10:00:00,TES,1183.446249,2023-01-30T10:00:00Z,Tenori,F,19.1,28.38,27.92989583,0,28.16423177
631,1/30/23,15:13:00,TEM,415.9155503,2023-01-30T15:13:00Z,Tenori,M,7.6,28.38,27.92989583,0,28.16423177
632,1/31/23,10:11:00,TIZ,356.8406627,2023-01-31T10:11:00Z,Tenori,M,11.6,29.205625,28.7678125,0,28.36067057
633,1/31/23,9:50:00,PED,721.1210414,2023-01-31T09:50:00Z,Tenori,M,12.6,29.205625,28.7678125,0,28.36067057
634,1/31/23,12:30:00,TES,1001.030136,2023-01-31T12:30:00Z,Tenori,F,19.1,29.205625,28.7678125,0,28.36067057
635,2/1/23,12:01:00,TAB,946.4790314,2023-02-01T12:01:00Z,Tenori,F,6.1,29.0421875,28.57635417,0,28.50478516
636,2/1/23,13:56:00,TSU,1426.35888,2023-02-01T13:56:00Z,Tenori,M,6.6,29.0421875,28.57635417,0,28.50478516
637,2/1/23,15:05:00,TUA,1200.610736,2023-02-01T15:05:00Z,Tenori,M,1.9,29.0421875,28.57635417,0,28.50478516
638,2/7/23,8:40:00,TAN,3163.384947,2023-02-07T08:40:00Z,Tenori,F,6.1,29.3609375,28.90979167,0,28.58925781
639,2/8/23,9:45:00,MOW,924.4732781,2023-02-08T09:45:00Z,Mesas,F,0.6,29.36458333,28.91885417,0,28.63509115
641,2/9/23,14:53:00,MAN,1254.291363,2023-02-09T14:53:00Z,Mesas,M,7.1,29.31145833,28.86416667,0,28.63865234
642,2/10/23,11:45:00,MUL,663.1607487,2023-02-10T11:45:00Z,Mesas,F,12.1,28.8796875,28.41625,0,28.62167969
643,2/16/23,9:17:00,PIR,654.6219373,2023-02-16T09:17:00Z,Palmas,M,16.6,28.970625,28.50510417,0,28.81436198
645,2/16/23,11:13:00,PAC,1023.244364,2023-02-16T11:13:00Z,Palmas,M,4.6,28.970625,28.50510417,0,28.81436198
646,2/21/23,9:58:00,PUM,2663.555457,2023-02-21T09:58:00Z,Palmas,F,9.3,29.53885417,29.03604167,0,28.94143229
647,2/21/23,14:25:00,TIZ,621.8362604,2023-02-21T14:25:00Z,Tenori,M,11.7,29.53885417,29.03604167,0,28.94143229
648,2/22/23,12:03:00,TIZ,1384.903129,2023-02-22T12:03:00Z,Tenori,M,11.7,28.90697917,28.42802083,0,28.97270182
649,2/22/23,14:10:00,TOS,1732.258154,2023-02-22T14:10:00Z,Tenori,F,0.1,28.90697917,28.42802083,0,28.97270182
650,2/23/23,8:30:00,TIN,1641.165917,2023-02-23T08:30:00Z,Tenori,M,3.4,28.87114583,28.37802083,0,28.94208984
651,2/23/23,8:38:00,TIQ,1983.595293,2023-02-23T08:38:00Z,Tenori,M,1.8,28.87114583,28.37802083,0,28.94208984
652,2/23/23,10:57:00,TIN,1475.758762,2023-02-23T10:57:00Z,Tenori,M,3.4,28.87114583,28.37802083,0,28.94208984
653,2/23/23,12:12:00,TAB,1140.402178,2023-02-23T12:12:00Z,Tenori,F,6.1,28.87114583,28.37802083,0,28.94208984
654,2/27/23,10:40:00,MUL,362.8934031,2023-02-27T10:40:00Z,Mesas,F,12.1,28.89072917,28.4121875,0,28.83964193
655,2/27/23,11:38:00,MIS,1106.335111,2023-02-27T11:38:00Z,Mesas,F,3.8,28.89072917,28.4121875,0,28.83964193
656,2/27/23,13:22:00,TRO,1612.558438,2023-02-27T13:22:00Z,Tenori,M,10.7,28.89072917,28.4121875,0,28.83964193
657,2/28/23,6:20:00,MYK,552.4254817,2023-02-28T06:20:00Z,Mesas,M,2.1,28.99375,28.49916667,0,28.82767578
659,3/2/23,11:36:00,TRO,1196.99716,2023-03-02T11:36:00Z,Tenori,M,10.7,29.73635417,29.22510417,0,28.89895833
660,3/2/23,12:26:00,MIS,313.825206,2023-03-02T12:26:00Z,Mesas,F,3.8,29.73635417,29.22510417,0,28.89895833
661,3/2/23,12:50:00,MAN,576.6507072,2023-03-02T12:50:00Z,Mesas,M,7.2,29.73635417,29.22510417,0,28.89895833
662,3/2/23,13:12:00,MUL,465.4037103,2023-03-02T13:12:00Z,Mesas,F,12.2,29.73635417,29.22510417,0,28.89895833
663,3/3/23,6:02:00,MIL,770.2271032,2023-03-03T06:02:00Z,Mesas,F,6.2,29.651875,29.12291667,0,28.98751953
664,3/3/23,8:06:00,MAN,1124.575067,2023-03-03T08:06:00Z,Mesas,M,7.2,29.651875,29.12291667,0,28.98751953
665,3/3/23,8:21:00,MON,747.8095464,2023-03-03T08:21:00Z,Mesas,F,5.1,29.651875,29.12291667,0,28.98751953
666,3/3/23,9:46:00,MUL,401.3903905,2023-03-03T09:46:00Z,Mesas,F,12.2,29.651875,29.12291667,0,28.98751953
667,3/3/23,10:42:00,MEZ,1957.17671,2023-03-03T10:42:00Z,Mesas,F,21.2,29.651875,29.12291667,0,28.98751953
668,3/3/23,8:19:00,TAN,2528.499661,2023-03-03T08:19:00Z,Tenori,F,6.2,29.651875,29.12291667,0,28.98751953
669,3/3/23,13:45:00,MOS,411.1948734,2023-03-03T13:45:00Z,Mesas,M,10.2,29.651875,29.12291667,0,28.98751953
670,3/3/23,13:37:00,MYK,1452.431837,2023-03-03T13:37:00Z,Mesas,M,2.1,29.651875,29.12291667,0,28.98751953
671,3/7/23,8:30:00,TAB,1211.677314,2023-03-07T08:30:00Z,Tenori,F,6.2,29.149375,28.63520833,0,29.17593099
672,3/7/23,10:20:00,PUR,845.0606363,2023-03-07T10:20:00Z,Palmas,F,7.7,29.149375,28.63520833,0,29.17593099
673,3/7/23,13:13:00,TAN,1578.874744,2023-03-07T13:13:00Z,Tenori,F,6.2,29.149375,28.63520833,0,29.17593099
675,3/9/23,8:42:00,TOB,3005.772792,2023-03-09T08:42:00Z,Tenori,M,4.7,28.98260417,28.50114583,0,29.11701172
676,3/9/23,11:14:00,TIQ,2435.073183,2023-03-09T11:14:00Z,Tenori,M,1.8,28.98260417,28.50114583,0,29.11701172
677,3/10/23,11:56:00,TAN,1025.352284,2023-03-10T11:56:00Z,Tenori,F,6.2,28.87760417,28.35020833,0,29.11517578
678,3/10/23,12:16:00,TAB,1017.276488,2023-03-10T12:16:00Z,Tenori,F,6.2,28.87760417,28.35020833,0,29.11517578
679,3/10/23,15:08:00,TOB,1505.656805,2023-03-10T15:08:00Z,Tenori,M,4.7,28.87760417,28.35020833,0,29.11517578
680,3/13/23,8:53:00,TOB,1260.234746,2023-03-13T08:53:00Z,Tenori,M,4.7,25.95166667,25.45875,0.28125,28.81392578
681,3/13/23,10:25:00,TES,1133.307877,2023-03-13T10:25:00Z,Tenori,F,19.2,25.95166667,25.45875,0.28125,28.81392578
682,3/13/23,11:16:00,MIL,983.3097132,2023-03-13T11:16:00Z,Mesas,F,6.2,25.95166667,25.45875,0.28125,28.81392578
683,3/13/23,11:48:00,MUL,444.4698888,2023-03-13T11:48:00Z,Mesas,F,12.2,25.95166667,25.45875,0.28125,28.81392578
684,3/13/23,12:09:00,MIS,704.4215361,2023-03-13T12:09:00Z,Mesas,F,3.9,25.95166667,25.45875,0.28125,28.81392578
685,3/14/23,15:53:00,TOB,2153.330136,2023-03-14T15:53:00Z,Tenori,M,4.7,26.27708333,25.77291667,0.004166667,28.68509766
686,3/14/23,12:13:00,MOS,272.6744473,2023-03-14T12:13:00Z,Mesas,M,10.2,26.27708333,25.77291667,0.004166667,28.68509766
687,3/14/23,12:53:00,MIS,693.9873344,2023-03-14T12:53:00Z,Mesas,F,3.9,26.27708333,25.77291667,0.004166667,28.68509766
689,3/15/23,5:50:00,MUL,982.4410651,2023-03-15T05:50:00Z,Mesas,F,12.2,25.77197917,25.1665625,0.679166667,28.49017578
690,3/15/23,7:54:00,MAN,413.0769444,2023-03-15T07:54:00Z,Mesas,M,7.2,25.77197917,25.1665625,0.679166667,28.49017578
691,3/15/23,9:11:00,MAY,451.783079,2023-03-15T09:11:00Z,Mesas,F,4.2,25.77197917,25.1665625,0.679166667,28.49017578
692,3/15/23,9:46:00,TUA,924.7744095,2023-03-15T09:46:00Z,Tenori,M,2,25.77197917,25.1665625,0.679166667,28.49017578
693,3/16/23,8:22:00,MAY,977.5853219,2023-03-16T08:22:00Z,Mesas,F,4.2,26.8640625,26.27,0.002083333,28.35707031
694,3/16/23,11:23:00,MOZ,209.942332,2023-03-16T11:23:00Z,Mesas,M,13.2,26.8640625,26.27,0.002083333,28.35707031
695,3/16/23,5:47:00,MOW,2356.051768,2023-03-16T05:47:00Z,Mesas,F,0.7,26.8640625,26.27,0.002083333,28.35707031
696,3/16/23,8:32:00,MIS,593.3040639,2023-03-16T08:32:00Z,Mesas,F,3.9,26.8640625,26.27,0.002083333,28.35707031
697,3/16/23,11:07:00,MON,363.6914012,2023-03-16T11:07:00Z,Mesas,F,5.1,26.8640625,26.27,0.002083333,28.35707031
698,3/16/23,13:51:00,TUA,1533.059759,2023-03-16T13:51:00Z,Tenori,M,2,26.8640625,26.27,0.002083333,28.35707031
699,3/16/23,14:06:00,TRO,112.957111,2023-03-16T14:06:00Z,Tenori,M,10.7,26.8640625,26.27,0.002083333,28.35707031
700,3/16/23,14:21:00,TSU,2070.880369,2023-03-16T14:21:00Z,Tenori,M,6.7,26.8640625,26.27,0.002083333,28.35707031
701,3/16/23,14:28:00,PED,1165.98063,2023-03-16T14:28:00Z,Tenori,M,12.7,26.8640625,26.27,0.002083333,28.35707031
702,3/16/23,11:55:00,MUS,390.4425158,2023-03-16T11:55:00Z,Mesas,F,5,26.8640625,26.27,0.002083333,28.35707031
703,3/16/23,12:07:00,MOR,1508.941874,2023-03-16T12:07:00Z,Mesas,F,0.2,26.8640625,26.27,0.002083333,28.35707031
704,3/16/23,14:03:00,MAU,184.2923929,2023-03-16T14:03:00Z,Mesas,M,8.2,26.8640625,26.27,0.002083333,28.35707031
705,3/16/23,14:08:00,MEZ,460.8004741,2023-03-16T14:08:00Z,Mesas,F,21.2,26.8640625,26.27,0.002083333,28.35707031
706,3/16/23,17:16:00,MIS,702.0662587,2023-03-16T17:16:00Z,Mesas,F,3.9,26.8640625,26.27,0.002083333,28.35707031
707,3/16/23,18:03:00,MIL,335.2237329,2023-03-16T18:03:00Z,Mesas,F,6.2,26.8640625,26.27,0.002083333,28.35707031
708,3/17/23,5:34:00,MAY,2210.492396,2023-03-17T05:34:00Z,Mesas,F,4.2,26.5175,25.896875,0.591666667,28.20718099
709,3/17/23,6:20:00,MEZ,1261.928609,2023-03-17T06:20:00Z,Mesas,F,21.2,26.5175,25.896875,0.591666667,28.20718099
710,3/17/23,6:27:00,MUL,985.5464822,2023-03-17T06:27:00Z,Mesas,F,12.2,26.5175,25.896875,0.591666667,28.20718099
711,3/17/23,10:46:00,MYK,1109.011666,2023-03-17T10:46:00Z,Mesas,M,2.1,26.5175,25.896875,0.591666667,28.20718099
712,3/17/23,10:06:00,PED,1158.602911,2023-03-17T10:06:00Z,Tenori,M,12.7,26.5175,25.896875,0.591666667,28.20718099
713,3/17/23,12:12:00,MYK,452.826284,2023-03-17T12:12:00Z,Mesas,M,2.1,26.5175,25.896875,0.591666667,28.20718099
714,3/17/23,12:40:00,MYK,672.985573,2023-03-17T12:40:00Z,Mesas,M,2.1,26.5175,25.896875,0.591666667,28.20718099
715,3/17/23,13:33:00,MOS,422.5876765,2023-03-17T13:33:00Z,Mesas,M,10.2,26.5175,25.896875,0.591666667,28.20718099
716,3/17/23,13:40:00,MON,577.9141004,2023-03-17T13:40:00Z,Mesas,F,5.1,26.5175,25.896875,0.591666667,28.20718099
717,3/17/23,13:53:00,MIS,660.0799432,2023-03-17T13:53:00Z,Mesas,F,3.9,26.5175,25.896875,0.591666667,28.20718099
718,3/17/23,13:17:00,MON,432.9064445,2023-03-17T13:17:00Z,Mesas,F,5.1,26.5175,25.896875,0.591666667,28.20718099
719,3/17/23,13:32:00,MUL,1193.483961,2023-03-17T13:32:00Z,Mesas,F,12.2,26.5175,25.896875,0.591666667,28.20718099
721,3/17/23,12:14:00,MUL,18338.89988,2023-03-17T12:14:00Z,Mesas,F,12.2,26.5175,25.896875,0.591666667,28.20718099
722,3/17/23,13:56:00,MIL,774.660426,2023-03-17T13:56:00Z,Mesas,F,6.2,26.5175,25.896875,0.591666667,28.20718099
723,3/17/23,13:00:00,MIS,1444.226007,2023-03-17T13:00:00Z,Mesas,F,3.9,26.5175,25.896875,0.591666667,28.20718099
724,3/20/23,9:00:00,MUL,231.022505,2023-03-20T09:00:00Z,Mesas,F,12.2,29.9915625,29.51322917,0,28.03677734
725,3/20/23,11:07:00,MOZ,161.5381544,2023-03-20T11:07:00Z,Mesas,M,13.2,29.9915625,29.51322917,0,28.03677734
726,3/20/23,13:05:00,MAN,277.4710397,2023-03-20T13:05:00Z,Mesas,M,7.2,29.9915625,29.51322917,0,28.03677734
727,3/20/23,15:12:00,MAY,283.7861946,2023-03-20T15:12:00Z,Mesas,F,4.2,29.9915625,29.51322917,0,28.03677734
728,3/21/23,8:08:00,PEN,1800.959817,2023-03-21T08:08:00Z,Palmas,F,20.7,29.42583333,28.9240625,0,28.01651042
729,3/21/23,12:43:00,MON,361.9806635,2023-03-21T12:43:00Z,Mesas,F,5.2,29.42583333,28.9240625,0,28.01651042
730,3/21/23,14:44:00,MAU,2945.787425,2023-03-21T14:44:00Z,Mesas,M,8.2,29.42583333,28.9240625,0,28.01651042
731,3/22/23,5:30:00,MUL,729.4070743,2023-03-22T05:30:00Z,Mesas,F,12.2,29.12291667,28.64864583,0,28.05179688
732,3/22/23,7:23:00,MUS,417.3326391,2023-03-22T07:23:00Z,Mesas,F,5,29.12291667,28.64864583,0,28.05179688
733,3/22/23,8:51:00,MOR,734.4593893,2023-03-22T08:51:00Z,Mesas,F,0.2,29.12291667,28.64864583,0,28.05179688
735,3/22/23,11:25:00,MIL,492.5170703,2023-03-22T11:25:00Z,Mesas,F,6.2,29.12291667,28.64864583,0,28.05179688
736,3/22/23,15:45:00,MIL,1374.965794,2023-03-22T15:45:00Z,Mesas,F,6.2,29.12291667,28.64864583,0,28.05179688
737,3/22/23,14:20:00,MON,1051.034487,2023-03-22T14:20:00Z,Mesas,F,5.2,29.12291667,28.64864583,0,28.05179688
738,3/23/23,5:45:00,MUS,697.8217404,2023-03-23T05:45:00Z,Mesas,F,5,29.1653125,28.71302083,0,28.05279297
740,3/24/23,7:51:00,TEM,1440.732883,2023-03-24T07:51:00Z,Tenori,M,7.7,29.92583333,29.419375,0,28.11419271
741,3/24/23,9:28:00,TUR,1555.644611,2023-03-24T09:28:00Z,Tenori,F,0.6,29.92583333,29.419375,0,28.11419271
742,3/24/23,10:00:00,TER,1966.237221,2023-03-24T10:00:00Z,Tenori,F,7.2,29.92583333,29.419375,0,28.11419271
743,3/28/23,10:07:00,TER,1138.818581,2023-03-28T10:07:00Z,Tenori,F,7.2,29.43166667,28.9734375,0,28.39044271
744,3/28/23,15:23:00,TES,534.4479394,2023-03-28T15:23:00Z,Tenori,F,19.2,29.43166667,28.9734375,0,28.39044271
745,3/28/23,15:33:00,TUA,1529.317126,2023-03-28T15:33:00Z,Tenori,M,2,29.43166667,28.9734375,0,28.39044271
746,3/31/23,8:20:00,TER,2171.985224,2023-03-31T08:20:00Z,Tenori,F,7.2,28.23354167,27.8121875,0,28.92295573
747,3/31/23,9:08:00,TAN,1454.690322,2023-03-31T09:08:00Z,Tenori,F,6.2,28.23354167,27.8121875,0,28.92295573
748,3/31/23,9:45:00,TAN,117.8427393,2023-03-31T09:45:00Z,Tenori,F,6.2,28.23354167,27.8121875,0,28.92295573
749,3/31/23,9:57:00,TIZ,771.0468497,2023-03-31T09:57:00Z,Tenori,M,11.8,28.23354167,27.8121875,0,28.92295573
750,4/4/23,15:45:00,TOB,1573.137605,2023-04-04T15:45:00Z,Tenori,M,4.8,29.38416667,28.9134375,0,29.27866536
751,4/5/23,8:43:00,MAY,923.9257665,2023-04-05T08:43:00Z,Mesas,F,4.3,29.5971875,29.12833333,0,29.25401693
752,4/5/23,7:54:00,TER,472.4751053,2023-04-05T07:54:00Z,Tenori,F,7.2,29.5971875,29.12833333,0,29.25401693
753,4/5/23,9:20:00,TOT,1116.853199,2023-04-05T09:20:00Z,Tenori,F,9.2,29.5971875,29.12833333,0,29.25401693
754,4/5/23,8:43:00,MON,977.214285,2023-04-05T08:43:00Z,Mesas,F,5.2,29.5971875,29.12833333,0,29.25401693
755,4/5/23,7:13:00,TAN,1075.716504,2023-04-05T07:13:00Z,Tenori,F,6.3,29.5971875,29.12833333,0,29.25401693
756,4/5/23,7:17:00,TIN,1656.598899,2023-04-05T07:17:00Z,Tenori,M,3.5,29.5971875,29.12833333,0,29.25401693
757,4/5/23,12:54:00,MIS,938.5532039,2023-04-05T12:54:00Z,Mesas,F,3.9,29.5971875,29.12833333,0,29.25401693
758,4/7/23,7:53:00,MUL,265.0332391,2023-04-07T07:53:00Z,Mesas,F,12.3,28.59458333,28.19354167,0,29.22208984
759,4/7/23,9:54:00,MOW,1565.249116,2023-04-07T09:54:00Z,Mesas,F,0.8,28.59458333,28.19354167,0,29.22208984
760,4/7/23,12:49:00,TEM,1370.268145,2023-04-07T12:49:00Z,Tenori,M,7.8,28.59458333,28.19354167,0,29.22208984
761,4/10/23,9:19:00,TAN,1151.074627,2023-04-10T09:19:00Z,Tenori,F,6.3,29.91760417,29.42125,0,29.2738737
762,4/10/23,9:28:00,TRU,980.1825799,2023-04-10T09:28:00Z,Tenori,F,16.3,29.91760417,29.42125,0,29.2738737
763,4/10/23,9:35:00,TIQ,3776.718675,2023-04-10T09:35:00Z,Tenori,M,1.9,29.91760417,29.42125,0,29.2738737
764,4/10/23,11:35:00,TOT,1221.840497,2023-04-10T11:35:00Z,Tenori,F,9.3,29.91760417,29.42125,0,29.2738737
765,4/12/23,9:16:00,PED,1305.05699,2023-04-12T09:16:00Z,Tenori,M,12.8,30.5234375,30.02635417,0,29.36722656
766,4/12/23,10:42:00,TRU,1276.947536,2023-04-12T10:42:00Z,Tenori,F,16.3,30.5234375,30.02635417,0,29.36722656
767,4/13/23,13:38:00,TAN,1537.125032,2023-04-13T13:38:00Z,Tenori,F,6.3,30.47541667,29.99520833,0,29.43246094
768,4/13/23,14:00:00,TRU,1602.395254,2023-04-13T14:00:00Z,Tenori,F,16.3,30.47541667,29.99520833,0,29.43246094
769,4/14/23,8:56:00,TET,4851.226225,2023-04-14T08:56:00Z,Tenori,F,35.3,29.835625,29.35020833,0,29.47087891
770,4/18/23,15:20:00,MAY,1520.134274,2023-04-18T15:20:00Z,Mesas,F,4.3,29.83927083,29.25552083,0,29.86273438
771,4/18/23,11:50:00,MON,1236.520651,2023-04-18T11:50:00Z,Mesas,F,5.2,29.83927083,29.25552083,0,29.86273438
772,4/19/23,6:27:00,MAY,1926.165241,2023-04-19T06:27:00Z,Mesas,F,4.3,30.63604167,30.13677083,0,29.93333333
774,4/20/23,12:05:00,MYK,588.8838857,2023-04-20T12:05:00Z,Mesas,M,2.2,30.8340625,30.29375,0,30.02395182
775,4/20/23,12:15:00,MUS,580.4306982,2023-04-20T12:15:00Z,Mesas,F,5.1,30.8340625,30.29375,0,30.02395182
778,4/20/23,13:23:00,MOS,455.4700402,2023-04-20T13:23:00Z,Mesas,M,10.3,30.8340625,30.29375,0,30.02395182
779,4/20/23,14:58:00,MIL,1416.160564,2023-04-20T14:58:00Z,Mesas,F,6.3,30.8340625,30.29375,0,30.02395182
780,4/21/23,13:35:00,MON,1083.169505,2023-04-21T13:35:00Z,Mesas,F,5.2,30.57427083,29.9221875,0,30.08501953
781,4/21/23,13:43:00,MOZ,732.8989814,2023-04-21T13:43:00Z,Mesas,M,13.3,30.57427083,29.9221875,0,30.08501953
782,4/24/23,12:14:00,TAN,1393.352521,2023-04-24T12:14:00Z,Tenori,F,6.3,27.79229167,27.15645833,0.05625,29.89945964
783,4/25/23,8:20:00,TEM,1255.717775,2023-04-25T08:20:00Z,Tenori,M,7.8,29.3765625,28.71635417,0.002083333,29.86777344
785,4/27/23,11:50:00,TAN,1471.241792,2023-04-27T11:50:00Z,Tenori,F,6.3,28.60729167,27.91375,0,29.71934896
786,4/27/23,8:49:00,TAB,1279.025342,2023-04-27T08:49:00Z,Tenori,F,6.3,28.60729167,27.91375,0,29.71934896
787,4/28/23,13:51:00,TUA,1862.282374,2023-04-28T13:51:00Z,Tenori,M,2.1,28.78697917,28.23708333,0,29.61082031
788,5/4/23,8:50:00,MUL,347.9288022,2023-05-04T08:50:00Z,Mesas,F,12.3,31.9784375,31.47979167,0,29.69988932
789,5/4/23,11:51:00,MUL,593.2287811,2023-05-04T11:51:00Z,Mesas,F,12.3,31.9784375,31.47979167,0,29.69988932
790,5/4/23,13:44:00,MOS,539.3262675,2023-05-04T13:44:00Z,Mesas,M,10.3,31.9784375,31.47979167,0,29.69988932
792,5/5/23,11:22:00,MOW,1040.709983,2023-05-05T11:22:00Z,Mesas,F,0.9,31.90229167,31.41666667,0,29.77902995
793,5/8/23,16:25:00,MOZ,1041.312246,2023-05-08T16:25:00Z,Mesas,M,13.3,31.18708333,30.66395833,0,29.99547526
794,5/9/23,6:19:00,MYK,886.4102741,2023-05-09T06:19:00Z,Mesas,M,2.3,31.499375,30.98322917,0,30.19183594
795,5/9/23,8:08:00,MON,818.0735306,2023-05-09T08:08:00Z,Mesas,F,5.3,31.499375,30.98322917,0,30.19183594
797,5/10/23,5:05:00,MOS,1001.864038,2023-05-10T05:05:00Z,Mesas,M,10.3,32.20166667,31.63979167,0,30.46742188
798,5/10/23,5:19:00,MUS,1252.330047,2023-05-10T05:19:00Z,Mesas,F,5.1,32.20166667,31.63979167,0,30.46742188
799,5/10/23,5:25:00,MAY,2390.767912,2023-05-10T05:25:00Z,Mesas,F,4.4,32.20166667,31.63979167,0,30.46742188
800,5/10/23,10:00:00,MUS,783.7847063,2023-05-10T10:00:00Z,Mesas,F,5.1,32.20166667,31.63979167,0,30.46742188
802,5/10/23,10:45:00,MON,642.1626272,2023-05-10T10:45:00Z,Mesas,F,5.3,32.20166667,31.63979167,0,30.46742188
803,5/10/23,11:16:00,MIS,1217.888148,2023-05-10T11:16:00Z,Mesas,F,4,32.20166667,31.63979167,0,30.46742188
805,5/10/23,14:41:00,PED,1850.400294,2023-05-10T14:41:00Z,Tenori,M,12.9,32.20166667,31.63979167,0,30.46742188
806,5/10/23,12:50:00,TOT,886.1474685,2023-05-10T12:50:00Z,Tenori,F,9.3,32.20166667,31.63979167,0,30.46742188
807,5/11/23,9:59:00,MUS,742.6522391,2023-05-11T09:59:00Z,Mesas,F,5.1,31.19177083,30.5440625,0,30.5808724
809,5/11/23,13:17:00,MON,1336.119849,2023-05-11T13:17:00Z,Mesas,F,5.3,31.19177083,30.5440625,0,30.5808724
810,5/11/23,12:38:00,MOS,764.3261452,2023-05-11T12:38:00Z,Mesas,M,10.3,31.19177083,30.5440625,0,30.5808724
811,5/11/23,13:43:00,MOR,445.4485657,2023-05-11T13:43:00Z,Mesas,F,0.3,31.19177083,30.5440625,0,30.5808724
814,5/11/23,15:12:00,MOR,458.6983456,2023-05-11T15:12:00Z,Mesas,F,0.3,31.19177083,30.5440625,0,30.5808724
815,5/11/23,14:05:00,MAY,808.9894012,2023-05-11T14:05:00Z,Mesas,F,4.4,31.19177083,30.5440625,0,30.5808724
816,5/12/23,11:11:00,MOZ,744.0955929,2023-05-12T11:11:00Z,Mesas,M,13.4,31.67583333,30.9815625,0,30.74059245
817,5/12/23,12:34:00,MIS,637.7962225,2023-05-12T12:34:00Z,Mesas,F,4,31.67583333,30.9815625,0,30.74059245
818,5/12/23,12:14:00,MOZ,768.1861018,2023-05-12T12:14:00Z,Mesas,M,13.4,31.67583333,30.9815625,0,30.74059245
819,5/12/23,12:33:00,MUS,924.3979953,2023-05-12T12:33:00Z,Mesas,F,5.1,31.67583333,30.9815625,0,30.74059245
820,5/12/23,12:49:00,MUL,727.6839337,2023-05-12T12:49:00Z,Mesas,F,12.4,31.67583333,30.9815625,0,30.74059245
821,5/12/23,12:20:00,MAY,1044.097711,2023-05-12T12:20:00Z,Mesas,F,4.4,31.67583333,30.9815625,0,30.74059245
822,5/12/23,12:18:00,MON,849.1904379,2023-05-12T12:18:00Z,Mesas,F,5.3,31.67583333,30.9815625,0,30.74059245
823,5/12/23,12:42:00,MOS,763.368,2023-05-12T12:42:00Z,Mesas,M,10.3,31.67583333,30.9815625,0,30.74059245
824,5/12/23,11:40:00,MYK,521.4390646,2023-05-12T11:40:00Z,Mesas,M,2.3,31.67583333,30.9815625,0,30.74059245
825,5/12/23,11:45:00,MIS,703.8730468,2023-05-12T11:45:00Z,Mesas,F,4,31.67583333,30.9815625,0,30.74059245
826,5/12/23,11:15:00,MOR,319.1239598,2023-05-12T11:15:00Z,Mesas,F,0.3,31.67583333,30.9815625,0,30.74059245
827,5/15/23,9:10:00,MIL,680.0443117,2023-05-15T09:10:00Z,Mesas,F,6.4,31.00822917,30.4571875,0,31.31975911
828,5/15/23,10:13:00,MAY,375.41043,2023-05-15T10:13:00Z,Mesas,F,4.4,31.00822917,30.4571875,0,31.31975911
829,5/15/23,11:18:00,MUL,279.1487716,2023-05-15T11:18:00Z,Mesas,F,12.4,31.00822917,30.4571875,0,31.31975911
830,5/15/23,11:56:00,MAY,589.9163361,2023-05-15T11:56:00Z,Mesas,F,4.4,31.00822917,30.4571875,0,31.31975911
831,5/15/23,15:23:00,TES,1052.979336,2023-05-15T15:23:00Z,Tenori,F,19.4,31.00822917,30.4571875,0,31.31975911
833,5/16/23,12:28:00,MOW,466.1513467,2023-05-16T12:28:00Z,Mesas,F,0.9,28.50895833,28.01854167,0,31.21847656
834,5/16/23,13:20:00,MAY,208.9663438,2023-05-16T13:20:00Z,Mesas,F,4.4,28.50895833,28.01854167,0,31.21847656
835,5/16/23,17:18:00,MYK,195.374027,2023-05-16T17:18:00Z,Mesas,M,2.3,28.50895833,28.01854167,0,31.21847656
836,5/16/23,11:56:00,MOS,347.0237804,2023-05-16T11:56:00Z,Mesas,M,10.4,28.50895833,28.01854167,0,31.21847656
837,5/17/23,7:43:00,MUL,587.8836994,2023-05-17T07:43:00Z,Mesas,F,12.4,30.280625,29.51833333,0,31.22910807
838,5/17/23,10:20:00,MIL,777.1899295,2023-05-17T10:20:00Z,Mesas,F,6.4,30.280625,29.51833333,0,31.22910807
840,5/18/23,16:55:00,MON,667.100068,2023-05-18T16:55:00Z,Mesas,F,5.3,31.50802083,30.85010417,0,31.27565104
841,5/19/23,12:02:00,TOT,1721.76284,2023-05-19T12:02:00Z,Tenori,F,9.4,32.15447917,31.60208333,0,31.2901237
842,5/22/23,12:50:00,MIS,825.9106673,2023-05-22T12:50:00Z,Mesas,F,4.1,30.08854167,29.53583333,0,31.15623698
843,5/23/23,5:00:00,MUL,541.6626315,2023-05-23T05:00:00Z,Mesas,F,12.4,30.115625,29.46489583,0,31.08869141
844,5/23/23,11:28:00,MAY,598.8212206,2023-05-23T11:28:00Z,Mesas,F,4.4,30.115625,29.46489583,0,31.08869141
845,5/23/23,9:41:00,TAN,1516.411496,2023-05-23T09:41:00Z,Tenori,F,6.4,30.115625,29.46489583,0,31.08869141
846,5/23/23,12:45:00,TUA,1851.054476,2023-05-23T12:45:00Z,Tenori,M,2.2,30.115625,29.46489583,0,31.08869141
847,5/23/23,12:27:00,TUR,1700.697271,2023-05-23T12:27:00Z,Tenori,F,0.8,30.115625,29.46489583,0,31.08869141
848,5/24/23,10:05:00,MYK,382.135697,2023-05-24T10:05:00Z,Mesas,M,2.3,29.45885417,28.8090625,0.014583333,30.98067708
849,11/18/22,11:25:00,TIQ,1337.47494,2022-11-18T11:25:00Z,Tenori,M,1.5,28.15197917,27.65197917,0,26.05859375
851,5/24/23,15:48:00,TOT,1436.396592,2023-05-24T15:48:00Z,Tenori,F,9.4,29.45885417,28.8090625,0.014583333,30.98067708
852,5/25/23,13:44:00,MUL,391.4707692,2023-05-25T13:44:00Z,Mesas,F,12.4,28.19645833,27.53520833,0.604166667,30.77424479
853,5/25/23,16:58:00,TOT,1368.468306,2023-05-25T16:58:00Z,Tenori,F,9.4,28.19645833,27.53520833,0.604166667,30.77424479
854,5/31/23,13:39:00,TIL,2803.683536,2023-05-31T13:39:00Z,Tenori,M,8.9,26.70947917,26.27114583,0.08125,29.55877604
855,6/5/23,8:22:00,MAY,517.6448095,2023-06-05T08:22:00Z,Mesas,F,4.4,27.48489583,27.01083333,0.004166667,28.50497396
856,6/5/23,10:18:00,MIS,321.9094249,2023-06-05T10:18:00Z,Mesas,F,4.1,27.48489583,27.01083333,0.004166667,28.50497396
857,6/5/23,11:18:00,MUS,324.1980232,2023-06-05T11:18:00Z,Mesas,F,5.2,27.48489583,27.01083333,0.004166667,28.50497396
859,6/5/23,14:04:00,MIS,509.2884142,2023-06-05T14:04:00Z,Mesas,F,4.1,27.48489583,27.01083333,0.004166667,28.50497396
860,6/6/23,10:25:00,TRO,1481.733591,2023-06-06T10:25:00Z,Tenori,M,10.9,27.83260417,27.2440625,0.220833333,28.3065625
861,6/6/23,9:07:00,PED,1378.805219,2023-06-06T09:07:00Z,Tenori,M,12.9,27.83260417,27.2440625,0.220833333,28.3065625
862,6/6/23,10:46:00,TIL,3036.126834,2023-06-06T10:46:00Z,Tenori,M,8.9,27.83260417,27.2440625,0.220833333,28.3065625
863,6/6/23,11:20:00,TAM,487.8328047,2023-06-06T11:20:00Z,Tenori,F,9.4,27.83260417,27.2440625,0.220833333,28.3065625
864,6/6/23,5:40:00,MOS,45.89241941,2023-06-06T05:40:00Z,Mesas,M,10.4,27.83260417,27.2440625,0.220833333,28.3065625
865,6/6/23,7:00:00,MUL,294.8226589,2023-06-06T07:00:00Z,Mesas,F,12.4,27.83260417,27.2440625,0.220833333,28.3065625
868,6/6/23,11:20:00,MUS,367.5007129,2023-06-06T11:20:00Z,Mesas,F,5.2,27.83260417,27.2440625,0.220833333,28.3065625
869,6/6/23,11:30:00,MIL,327.3066254,2023-06-06T11:30:00Z,Mesas,F,6.4,27.83260417,27.2440625,0.220833333,28.3065625
870,6/7/23,9:59:00,TAB,799.654329,2023-06-07T09:59:00Z,Tenori,F,6.4,26.42145833,25.92875,0.035416667,28.07736979
871,6/8/23,12:13:00,TIN,1152.392077,2023-06-08T12:13:00Z,Tenori,M,3.7,26.72697917,26.25145833,0.004166667,27.86557943
872,6/8/23,14:34:00,TOT,662.8654083,2023-06-08T14:34:00Z,Tenori,F,9.4,26.72697917,26.25145833,0.004166667,27.86557943
874,6/8/23,13:47:00,MON,309.5630391,2023-06-08T13:47:00Z,Mesas,F,5.4,26.72697917,26.25145833,0.004166667,27.86557943
875,6/8/23,14:47:00,MAY,337.4943932,2023-06-08T14:47:00Z,Mesas,F,4.4,26.72697917,26.25145833,0.004166667,27.86557943
876,6/12/23,15:40:00,TRU,2570.156166,2023-06-12T15:40:00Z,Tenori,F,16.4,30.2009375,29.68375,0,27.67505859
877,6/12/23,16:38:00,TIN,853.7074083,2023-06-12T16:38:00Z,Tenori,M,3.7,30.2009375,29.68375,0,27.67505859
878,6/13/23,11:35:00,TIL,1009.542888,2023-06-13T11:35:00Z,Tenori,M,9,28.4896875,27.92625,0.0375,27.66908854
879,6/19/23,14:13:00,PIN,1152.831227,2023-06-19T14:13:00Z,Palmas,M,16,30.01052083,29.52041667,0.002083333,27.65110677
880,6/19/23,14:46:00,PAC,495.737503,2023-06-19T14:46:00Z,Palmas,M,5,30.01052083,29.52041667,0.002083333,27.65110677
881,6/19/23,13:18:00,MIS,320.4790509,2023-06-19T13:18:00Z,Mesas,F,4.1,30.01052083,29.52041667,0.002083333,27.65110677
882,6/19/23,14:12:00,MON,262.5005092,2023-06-19T14:12:00Z,Mesas,F,5.4,30.01052083,29.52041667,0.002083333,27.65110677
883,6/19/23,14:47:00,MAY,236.8900039,2023-06-19T14:47:00Z,Mesas,F,4.5,30.01052083,29.52041667,0.002083333,27.65110677
886,6/20/23,16:02:00,PEN,2333.713296,2023-06-20T16:02:00Z,Palmas,F,21,30.7228125,30.22145833,0,27.86016927
887,6/20/23,14:13:00,PET,585.6773331,2023-06-20T14:13:00Z,Palmas,F,21,30.7228125,30.22145833,0,27.86016927
888,6/21/23,12:50:00,MYK,364.6700781,2023-06-21T12:50:00Z,Mesas,M,2.4,27.669375,27.04489583,0.520833333,27.87169922
893,6/22/23,8:12:00,MUL,170.5306897,2023-06-22T08:12:00Z,Mesas,F,12.5,26.70395833,26.1675,0.185416667,27.80115885
894,6/22/23,8:40:00,MIL,320.0596179,2023-06-22T08:40:00Z,Mesas,F,6.5,26.70395833,26.1675,0.185416667,27.80115885
896,6/22/23,11:25:00,MUS,244.7977624,2023-06-22T11:25:00Z,Mesas,F,5.2,26.70395833,26.1675,0.185416667,27.80115885
897,6/22/23,6:38:00,MIS,513.3859516,2023-06-22T06:38:00Z,Mesas,F,4.1,26.70395833,26.1675,0.185416667,27.80115885
898,6/22/23,10:35:00,MYK,365.0890435,2023-06-22T10:35:00Z,Mesas,M,2.4,26.70395833,26.1675,0.185416667,27.80115885
899,6/22/23,14:28:00,PIN,818.357205,2023-06-22T14:28:00Z,Palmas,M,16,26.70395833,26.1675,0.185416667,27.80115885
901,6/23/23,6:33:00,MIL,225.4183331,2023-06-23T06:33:00Z,Mesas,F,6.5,27.57041667,27.07947917,0,27.87296875
902,6/23/23,11:07:00,MOW,311.6709586,2023-06-23T11:07:00Z,Mesas,F,1,27.57041667,27.07947917,0,27.87296875
903,6/26/23,11:12:00,TUA,163.8066036,2023-06-26T11:12:00Z,Tenori,M,2.3,27.42833333,26.92375,0.027083333,28.07901042
904,6/26/23,11:18:00,TES,1011.280184,2023-06-26T11:18:00Z,Tenori,F,19.5,27.42833333,26.92375,0.027083333,28.07901042
905,6/26/23,14:20:00,TAB,1084.675162,2023-06-26T14:20:00Z,Tenori,F,6.5,27.42833333,26.92375,0.027083333,28.07901042
906,6/28/23,14:52:00,TAB,837.0966139,2023-06-28T14:52:00Z,Tenori,F,6.5,29.58865169,29.09674157,0,27.96925441
908,6/28/23,14:58:00,TUC,1962.849493,2023-06-28T14:58:00Z,Tenori,M,1,29.58865169,29.09674157,0,27.96925441
910,6/29/23,8:20:00,TRO,1110.271328,2023-06-29T08:20:00Z,Tenori,M,11,30.791875,30.3753125,0,28.11379987
911,7/3/23,10:00:00,MON,464.2800304,2023-07-03T10:00:00Z,Mesas,F,5.4,28.43034483,27.83896552,0,28.45255911
912,7/3/23,11:43:00,MOS,319.1239598,2023-07-03T11:43:00Z,Mesas,M,10.5,28.43034483,27.83896552,0,28.45255911
913,7/4/23,12:40:00,PRA,2424.709718,2023-07-04T12:40:00Z,Palmas,F,8.6,28.813,28.25333333,0.033333333,28.51839515
914,7/5/23,11:12:00,MIS,796.9226374,2023-07-05T11:12:00Z,Mesas,F,4.2,29.68767123,29.15027397,0,28.47641769
916,7/6/23,13:20:00,MIS,504.4552559,2023-07-06T13:20:00Z,Mesas,F,4.2,28.28493827,27.75246914,0.022222222,28.30694282
917,7/6/23,14:24:00,MYK,882.1643219,2023-07-06T14:24:00Z,Mesas,M,2.5,28.28493827,27.75246914,0.022222222,28.30694282
919,7/10/23,12:32:00,TAB,1189.899063,2023-07-10T12:32:00Z,Tenori,F,6.5,29.76641026,29.25589744,0.002564103,28.68808426
920,7/10/23,11:25:00,TRU,1298.628994,2023-07-10T11:25:00Z,Tenori,F,16.5,29.76641026,29.25589744,0.002564103,28.68808426
921,7/10/23,10:51:00,MIS,308.9607763,2023-07-10T10:51:00Z,Mesas,F,4.2,29.76641026,29.25589744,0.002564103,28.68808426
922,7/10/23,13:13:00,TAN,833.2003626,2023-07-10T13:13:00Z,Tenori,F,6.5,29.76641026,29.25589744,0.002564103,28.68808426
923,7/11/23,11:20:00,MIL,830.1025952,2023-07-11T11:20:00Z,Mesas,F,6.5,29.56770833,29.09864583,0,28.77073927
924,7/12/23,9:07:00,TRU,2903.121413,2023-07-12T09:07:00Z,Tenori,F,16.5,29.3715625,28.78520833,0.01875,28.91903021
925,7/13/23,9:44:00,MON,626.6543621,2023-07-13T09:44:00Z,Mesas,F,5.5,28.3703125,27.7959375,0,29.00027027
926,7/14/23,7:09:00,TAM,844.2061947,2023-07-14T07:09:00Z,Tenori,F,9.5,27.95542553,27.50691489,0,28.88104513
928,7/18/23,10:38:00,TUA,1104.482914,2023-07-18T10:38:00Z,Tenori,M,2.3,28.84072917,28.40708333,0,28.73875191
929,7/20/23,9:00:00,PAP,748.2361491,2023-07-20T09:00:00Z,Palmas,M,13.1,30.526875,30.03604167,0,28.96974638
931,7/24/23,9:28:00,TSU,1458.529747,2023-07-24T09:28:00Z,Tenori,M,7.1,28.7746875,28.3146875,0,29.11409214
932,7/24/23,11:21:00,PED,1573.548239,2023-07-24T11:21:00Z,Tenori,M,13.1,28.7746875,28.3146875,0,29.11409214
933,7/25/23,5:37:00,TRU,5727.518485,2023-07-25T05:37:00Z,Tenori,F,16.6,29.8575,29.41427083,0,29.18822045
934,7/25/23,11:37:00,TIN,2634.039033,2023-07-25T11:37:00Z,Tenori,M,3.8,29.8575,29.41427083,0,29.18822045
937,7/26/23,13:12:00,TAB,1178.748599,2023-07-26T13:12:00Z,Tenori,F,6.6,29.15229167,28.58854167,0.039583333,29.15636483
939,7/26/23,15:24:00,TOT,423.6541834,2023-07-26T15:24:00Z,Tenori,F,9.6,29.15229167,28.58854167,0.039583333,29.15636483
941,7/27/23,12:25:00,TAM,536.2208503,2023-07-27T12:25:00Z,Tenori,F,9.6,29.32614583,28.85645833,0,29.14114829
942,7/27/23,16:02:00,TEM,1671.780939,2023-07-27T16:02:00Z,Tenori,M,8.1,29.32614583,28.85645833,0,29.14114829
943,8/2/23,9:23:00,MAY,748.571028,2023-08-02T09:23:00Z,Mesas,F,4.6,28.73341463,28.1295122,0.009756098,29.35384461
950,8/15/23,11:55:00,TAM,1224.098982,2023-08-15T11:55:00Z,Tenori,F,9.6,30.0128125,29.45328125,0.003125,29.34046343
952,8/15/23,13:30:00,TUC,3867.817238,2023-08-15T13:30:00Z,Tenori,M,1.2,30.0128125,29.45328125,0.003125,29.34046343
953,8/16/23,10:55:00,PAC,939.5298462,2023-08-16T10:55:00Z,Palmas,M,5.1,29.7646875,29.27197917,0,29.40458364
954,8/16/23,12:30:00,PLA,884.2421283,2023-08-16T12:30:00Z,Palmas,M,1.2,29.7646875,29.27197917,0,29.40458364